FIPS,"Grocery stores (% change), 2011-16","Grocery stores/1,000 pop, 2011","Grocery stores/1,000 pop, 2016","Grocery stores/1,000 pop (% change), 2011-16","Supercenters & club stores (% change), 2011-16","Supercenters & club stores/1,000 pop, 2011","Supercenters & club stores/1,000 pop, 2016","Supercenters & club stores/1,000 pop (% change), 2011-16","Convenience stores (% change), 2011-16","Convenience stores/1,000 pop, 2011","Convenience stores/1,000 pop, 2016","Convenience stores/1,000 pop (% change), 2011-16","Specialized food stores (% change), 2011-16","Specialized food stores/1,000 pop, 2011","Specialized food stores/1,000 pop, 2016","Specialized food stores/1,000 pop (% change), 2011-16","Fast-food restaurants (% change), 2011-16","Fast-food restaurants/1,000 pop, 2011","Fast-food restaurants/1,000 pop, 2016","Fast-food restaurants/1,000 pop (% change), 2011-16","Full-service restaurants (% change), 2011-16","Full-service restaurants/1,000 pop, 2011","Full-service restaurants/1,000 pop, 2016","Full-service restaurants/1,000 pop (% change), 2011-16","Expenditures per capita, fast food, 2007*","Expenditures per capita, fast food, 2012*","Expenditures per capita, restaurants, 2007*","Expenditures per capita, restaurants, 2012*","Farms with direct sales (% change), 2007 - 12","Farms with direct sales (%), 2007","Farms with direct sales (%), 2012","Direct farm sales (%), 2007","Direct farm sales (%), 2012","Direct farm sales (% change), 2007 - 12","Direct farm sales per capita, 2007","Direct farm sales per capita, 2012","Direct farm sales per capita (% change), 2007 - 12","Farmers markets (% change), 2013-18","Farmers markets/1,000 pop, 2013","Farmers markets/1,000 pop, 2018","Farmers markets/1,000 pop (% change), 2013-18","Farms with vegetables harvested for fresh market, 2007","Farms with vegetables harvested for fresh market, 2012","Farms with vegetables harvested for fresh market (% change), 2007 - 12","Vegetable acres harvested for fresh market, 2007","Vegetable acres harvested for fresh market, 2012","Vegetable acres harvested for fresh market (% change), 2007 - 12","Vegetable acres harvested for fresh market/1,000 pop, 2007","Vegetable acres harvested for fresh market/1,000 pop, 2012","Vegetable acres harvested for fresh market/1,000 pop (% change), 2007 - 12","CSA farms (% change), 2007 - 12","Agritourism operations (% change), 2007 - 12","Agritourism receipts (% change), 2007 - 12","Farm to school program, 2013","Farm to school program, 2015","Household food insecurity (%, three-year average), 2009-11*","Household food insecurity (%, three-year average), 2012-14*","Household food insecurity (%, three-year average), 2015-17*","Household food insecurity (change %),2009-11 to 2012-15*","Household food insecurity (change %),2012-14 to 2015-17*","Household food insecurity (%, six-year average), 2009-14*","Household food insecurity (%, six-year average), 2012-17*","Household food insecurity (change %),2009-14 to 2015-17*","Household food insecurity (change %),2009-11 to 2012-17*","Model-Household food insecurity (change %),2009-14 to 2015-17*","Model-Household food insecurity (change %),2009-11 to 2012-17*","Model-Household food insecurity (change %),2012-14 to 2015-17*","BI_Model-Household food insecurity (change %),2009-14 to 2015-17*","BI_Model-Household food insecurity (change %),2009-11 to 2012-17*","BI_Model-Household food insecurity (change %),2012-14 to 2015-17*"
1009,-28,0,0,-28,0,0,0,0,-10,0,0,-10,-100,0,0,-100,15,0,0,15,-20,0,0,-20,649,674,484,512,4,5,7,0,0,15,7,8,12,0,0,0,0,65,59,-9,581,654,12,10,11,9,-42,-20,-89,1,0,18,16,16,-1,0,17,16,-1,-1,Decrease,Decrease,decr,-1,-1,-1
1021,-28,0,0,-28,0,0,0,0,0,0,0,0,-40,0,0,-40,4,0,0,4,9,0,0,9,649,674,484,512,0,8,10,3,5,46,13,19,43,0,0,0,0,37,45,21,407,453,11,9,10,9,-66,-63,-76,0,0,18,16,16,-1,0,17,16,-1,-1,Decrease,Decrease,decr,-1,-1,-1
1039,-33,0,0,-32,0,0,0,1,3,0,0,4,-25,0,0,-23,17,0,0,19,0,0,0,1,649,674,484,512,-7,3,3,0,0,-46,3,1,-46,0,0,0,2,16,20,25,38,55,44,1,1,44,-20,-37,-91,1,0,18,16,16,-1,0,17,16,-1,-1,Decrease,Decrease,decr,-1,-1,-1
1093,-50,0,0,-48,0,0,0,2,27,0,0,30,100,0,0,104,-17,0,0,-15,23,0,0,26,649,674,484,512,-37,4,2,0,0,-50,1,0,-49,0,0,0,1,23,15,-34,55,33,-40,1,1,-39,0,0,60,0,0,18,16,16,-1,0,17,16,-1,-1,Decrease,Decrease,decr,-1,-1,-1
1095,0,0,0,-1,0,0,0,-1,25,0,0,23,-20,0,0,-20,14,0,0,12,-6,0,0,-7,649,674,484,512,-17,3,3,0,0,2,1,1,-2,-25,0,0,-26,43,24,-44,198,54,-72,2,0,-74,0,9,-28,1,1,18,16,16,-1,0,17,16,-1,-1,Decrease,Decrease,decr,-1,-1,-1
1121,-27,0,0,-26,0,0,0,1,11,0,0,13,0,0,0,0,8,0,0,10,-2,0,0,0,649,674,484,512,-18,6,5,0,0,-45,1,0,-45,0,0,0,2,11,6,-45,11,15,36,0,0,36,75,160,-22,1,1,18,16,16,-1,0,17,16,-1,-1,Decrease,Decrease,decr,-1,-1,-1
1125,-7,0,0,-11,0,0,0,-4,18,0,0,13,-33,0,0,-36,8,0,0,3,9,0,0,4,649,674,484,512,-3,8,10,1,0,-43,1,0,-47,-33,0,0,-35,45,32,-28,105,125,19,0,0,10,-25,300,25,0,0,18,16,16,-1,0,17,16,-1,-1,Decrease,Decrease,decr,-1,-1,-1
4001,-10,0,0,-8,0,0,0,0,20,0,0,21,0,0,0,0,-25,0,0,-24,21,0,0,22,760,577,758,623,-5,3,2,0,0,3,1,1,-1,0,0,0,0,1100,627,-43,3898,2201,-43,56,30,-46,100,94,140,1,1,15,19,17,4,-2,17,18,0,2,Decrease,Increase,decr,-1,1,-1
4017,-12,0,0,-13,50,0,0,48,-5,0,0,-5,50,0,0,48,6,0,0,6,2,0,0,1,760,577,758,623,29,4,4,0,0,109,1,2,109,0,0,0,-2,908,729,-19,2024,888,-56,18,8,-56,400,62,-8,0,1,15,19,17,4,-2,17,18,0,2,Decrease,Increase,decr,-1,1,-1
5015,-16,0,0,-17,0,0,0,-1,21,0,0,20,25,0,0,23,0,0,0,-1,0,1,1,-1,576,622,444,472,-11,3,3,0,0,-61,12,4,-62,0,0,0,-1,16,13,-18,34,19,-44,1,0,-45,-11,20,-14,1,1,19,15,13,-3,-2,17,14,-4,-4,Decrease,Decrease,decr,-1,-1,-1
5069,15,0,0,24,0,0,0,8,2,0,0,10,-71,0,0,-69,0,0,0,8,-2,0,0,4,576,622,444,472,21,2,3,0,0,36,0,0,44,-50,0,0,-46,10,9,-10,88,38,-56,1,0,-54,-80,-11,212,0,0,19,15,13,-3,-2,17,14,-4,-4,Decrease,Decrease,decr,-1,-1,-1
5135,0,0,0,0,0,0,0,0,-14,0,0,-13,-100,0,0,-100,0,0,0,0,28,0,1,29,576,622,444,472,-66,3,1,0,0,-74,9,2,-74,100,0,0,96,10,7,-30,67,49,-26,3,2,-24,-100,0,68,1,1,19,15,13,-3,-2,17,14,-4,-4,Decrease,Decrease,decr,-1,-1,-1
6011,0,0,0,-1,0,0,0,0,-21,0,0,-22,66,0,0,64,-50,0,0,-50,10,0,0,8,761,642,755,750,30,2,3,0,0,-69,17,5,-69,0,0,0,-1,10,11,10,2794,3328,19,132,155,17,120,0,20,1,1,16,13,11,-2,-2,14,12,-3,-3,Decrease,Decrease,decr,-1,-1,-1
6017,0,0,0,-2,0,0,0,0,1,0,0,-1,-20,0,0,-22,13,0,0,10,22,0,1,18,761,642,755,750,21,19,22,13,6,-29,15,10,-30,25,0,0,18,70,142,102,88,212,140,0,1,137,107,121,-54,1,1,16,13,11,-2,-2,14,12,-3,-3,Decrease,Decrease,decr,-1,-1,-1
6019,10,0,0,5,100,0,0,92,8,0,0,3,-5,0,0,-8,11,0,0,6,5,0,0,1,761,642,755,750,1,6,6,0,0,5,19,19,0,-6,0,0,-10,396,434,9,73924,66448,-10,82,70,-15,-30,160,68,1,1,16,13,11,-2,-2,14,12,-3,-3,Decrease,Decrease,decr,-1,-1,-1
6023,9,0,0,8,100,0,0,98,-28,0,0,-28,-18,0,0,-19,2,0,0,1,9,0,1,8,761,642,755,750,30,18,21,0,0,47,9,13,44,-12,0,0,-13,64,171,167,271,594,119,2,4,114,100,47,169,1,1,16,13,11,-2,-2,14,12,-3,-3,Decrease,Decrease,decr,-1,-1,-1
6029,3,0,0,0,100,0,0,91,14,0,0,9,-28,0,0,-31,14,0,0,9,10,0,0,6,761,642,755,750,27,4,6,0,0,2,7,6,-4,-20,0,0,-23,125,145,16,63543,60196,-5,79,70,-11,0,145,83,1,1,16,13,11,-2,-2,14,12,-3,-3,Decrease,Decrease,decr,-1,-1,-1
6045,-2,0,0,-2,0,0,0,0,-2,0,0,-2,100,0,0,99,3,0,0,3,4,1,1,4,761,642,755,750,58,12,17,0,1,29,13,17,28,0,0,0,0,59,141,138,255,334,30,2,3,30,12,52,-31,1,1,16,13,11,-2,-2,14,12,-3,-3,Decrease,Decrease,decr,-1,-1,-1
6047,21,0,0,17,50,0,0,44,2,0,0,0,12,0,0,8,12,0,0,8,21,0,0,17,761,642,755,750,0,4,4,0,0,-18,57,44,-23,-28,0,0,-31,147,205,39,27379,35867,31,110,137,24,-50,191,-35,1,1,16,13,11,-2,-2,14,12,-3,-3,Decrease,Decrease,decr,-1,-1,-1
6053,0,0,0,-3,66,0,0,60,11,0,0,7,-4,0,0,-7,7,0,0,3,13,0,0,9,761,642,755,750,-7,7,7,0,0,-10,6,5,-15,-25,0,0,-26,201,209,3,246867,247332,0,613,579,-5,0,76,156,1,1,16,13,11,-2,-2,14,12,-3,-3,Decrease,Decrease,decr,-1,-1,-1
6055,5,0,0,2,100,0,0,94,15,0,0,12,-12,0,0,-14,7,0,0,5,11,0,1,8,761,642,755,750,-4,6,5,0,0,20,8,9,14,0,0,0,0,22,57,159,29,70,141,0,0,130,-50,310,1206,1,1,16,13,11,-2,-2,14,12,-3,-3,Decrease,Decrease,decr,-1,-1,-1
6057,0,0,0,0,0,0,0,0,28,0,0,28,-7,0,0,-8,22,0,0,22,-2,0,0,-2,761,642,755,750,67,16,25,4,10,133,4,9,132,28,0,0,26,41,128,212,62,206,232,0,2,230,254,266,2114,1,1,16,13,11,-2,-2,14,12,-3,-3,Decrease,Decrease,decr,-1,-1,-1
6061,0,0,0,-6,33,0,0,25,36,0,0,27,10,0,0,3,21,0,0,14,10,0,0,3,761,642,755,750,22,16,22,3,3,-4,5,4,-12,-9,0,0,-15,65,119,83,121,158,30,0,0,18,-24,-9,-76,1,1,16,13,11,-2,-2,14,12,-3,-3,Decrease,Decrease,decr,-1,-1,-1
6065,-1,0,0,-7,58,0,0,48,7,0,0,0,9,0,0,2,15,0,0,8,11,0,0,4,761,642,755,750,13,8,11,0,0,-17,2,1,-24,-4,0,0,-10,120,154,28,26395,35441,34,12,15,22,-42,212,118,1,1,16,13,11,-2,-2,14,12,-3,-3,Decrease,Decrease,decr,-1,-1,-1
6067,6,0,0,1,83,0,0,73,7,0,0,1,0,0,0,-5,14,0,0,8,9,0,0,4,761,642,755,750,66,10,17,1,1,11,2,2,6,17,0,0,11,55,167,203,2309,1603,-30,1,1,-33,111,150,161,1,1,16,13,11,-2,-2,14,12,-3,-3,Decrease,Decrease,decr,-1,-1,-1
6069,-25,0,0,-29,0,0,0,0,50,0,0,41,-66,0,0,-68,7,0,0,1,28,0,0,21,761,642,755,750,62,5,9,0,1,174,12,32,160,0,0,0,-6,53,61,15,23160,8557,-63,428,150,-64,-20,214,95,1,0,16,13,11,-2,-2,14,12,-3,-3,Decrease,Decrease,decr,-1,-1,-1
6077,-3,0,0,-8,150,0,0,136,-1,0,0,-6,-5,0,0,-10,16,0,0,10,11,0,0,5,761,642,755,750,6,6,6,0,0,-24,17,12,-28,0,0,0,-6,131,147,12,34126,28938,-15,51,41,-19,-19,109,-53,1,1,16,13,11,-2,-2,14,12,-3,-3,Decrease,Decrease,decr,-1,-1,-1
6079,-1,0,0,-5,0,0,0,-3,13,0,0,9,6,0,0,1,6,0,0,2,8,1,1,4,761,642,755,750,35,8,12,0,0,37,16,21,31,-22,0,0,-24,173,292,68,29161,24134,-17,110,87,-20,-11,85,-57,1,1,16,13,11,-2,-2,14,12,-3,-3,Decrease,Decrease,decr,-1,-1,-1
6083,0,0,0,-3,0,0,0,-4,0,0,0,-4,-9,0,0,-13,20,0,0,14,5,0,0,0,761,642,755,750,31,8,11,0,0,36,11,14,30,8,0,0,5,142,220,54,61746,58527,-5,150,135,-9,18,130,173,1,1,16,13,11,-2,-2,14,12,-3,-3,Decrease,Decrease,decr,-1,-1,-1
6085,6,0,0,0,22,0,0,14,12,0,0,5,-2,0,0,-8,19,0,0,12,10,0,0,3,761,642,755,750,64,10,18,0,1,85,1,1,72,2,0,0,-1,82,200,143,10191,8683,-14,5,4,-20,360,235,-41,1,1,16,13,11,-2,-2,14,12,-3,-3,Decrease,Decrease,decr,-1,-1,-1
6087,2,0,0,0,0,0,0,-3,27,0,0,22,15,0,0,11,2,0,0,-1,14,0,1,10,761,642,755,750,13,14,16,1,1,-6,32,29,-11,42,0,0,40,64,90,40,15787,17097,8,62,64,2,9,220,32,1,1,16,13,11,-2,-2,14,12,-3,-3,Decrease,Decrease,decr,-1,-1,-1
6095,2,0,0,-2,60,0,0,51,-3,0,0,-8,18,0,0,12,7,0,0,1,9,0,0,3,761,642,755,750,57,7,12,0,0,102,3,6,96,-16,0,0,-20,31,50,61,1602,1917,19,3,4,16,38,238,-10,1,1,16,13,11,-2,-2,14,12,-3,-3,Decrease,Decrease,decr,-1,-1,-1
6099,-2,0,0,-6,33,0,0,27,4,0,0,0,45,0,0,38,11,0,0,7,14,0,0,9,761,642,755,750,-9,5,5,0,0,8,8,8,5,0,0,0,-4,65,99,52,8041,7592,-5,15,14,-8,-30,180,-72,1,1,16,13,11,-2,-2,14,12,-3,-3,Decrease,Decrease,decr,-1,-1,-1
6103,-23,0,0,-23,0,0,0,0,15,0,0,15,-28,0,0,-28,-2,0,0,-3,29,0,0,28,761,642,755,750,0,9,9,0,0,-17,14,11,-19,33,0,0,31,28,75,167,59,78,32,0,1,29,-14,27,-17,1,1,16,13,11,-2,-2,14,12,-3,-3,Decrease,Decrease,decr,-1,-1,-1
6113,12,0,0,5,0,0,0,-6,12,0,0,4,100,0,0,87,10,0,0,3,16,0,0,8,761,642,755,750,43,9,13,1,1,49,32,45,41,0,0,0,-6,55,85,54,4119,3590,-12,21,17,-17,42,15,103,1,1,16,13,11,-2,-2,14,12,-3,-3,Decrease,Decrease,decr,-1,-1,-1
8013,24,0,0,16,0,0,0,-6,-7,0,0,-13,13,0,0,6,7,0,0,0,1,1,1,-4,747,617,900,877,20,14,14,2,5,145,2,5,130,0,0,0,-4,46,77,67,520,800,53,1,2,44,190,210,94,1,1,13,13,9,0,-4,13,11,-4,-2,Decrease,Decrease,decr,-1,-1,-1
8045,42,0,0,35,0,0,0,-4,-3,0,0,-8,50,0,0,42,27,0,0,21,14,1,1,9,747,617,900,877,3,9,9,1,0,-38,5,3,-41,0,0,0,-4,7,7,0,12,9,-25,0,0,-29,-50,33,116,1,1,13,13,9,0,-4,13,11,-4,-2,Decrease,Decrease,decr,-1,-1,-1
8067,-9,0,0,-14,0,0,0,-6,-8,0,0,-13,0,0,0,-6,37,0,0,28,-6,1,1,-12,747,617,900,877,28,8,10,1,2,62,6,10,53,100,0,0,89,15,17,13,21,20,-4,0,0,-10,111,12,-36,1,1,13,13,9,0,-4,13,11,-4,-2,Decrease,Decrease,decr,-1,-1,-1
8069,16,0,0,4,50,0,0,35,0,0,0,-9,16,0,0,5,10,0,0,0,13,0,0,2,747,617,900,877,2,11,12,0,1,115,2,5,97,30,0,0,17,37,47,27,3317,1388,-58,11,4,-61,-4,5,216,1,1,13,13,9,0,-4,13,11,-4,-2,Decrease,Decrease,decr,-1,-1,-1
8077,23,0,0,21,0,0,0,-1,-15,0,0,-17,28,0,0,26,-11,0,0,-13,7,0,0,5,747,617,900,877,11,16,14,7,4,-25,33,23,-29,33,0,0,28,52,45,-13,793,550,-30,5,3,-34,81,80,48,1,1,13,13,9,0,-4,13,11,-4,-2,Decrease,Decrease,decr,-1,-1,-1
8091,-25,0,0,-30,0,0,0,0,100,0,0,84,0,0,0,-7,-50,1,0,-53,11,3,3,3,747,617,900,877,0,10,10,1,0,-38,14,8,-42,0,0,0,-5,5,4,-20,3,2,-33,0,0,-37,-75,100,152,1,0,13,13,9,0,-4,13,11,-4,-2,Decrease,Decrease,decr,-1,-1,-1
8123,0,0,0,-12,33,0,0,17,5,0,0,-7,300,0,0,251,25,0,0,9,18,0,0,4,747,617,900,877,-17,7,7,0,0,-20,9,6,-28,0,0,0,-14,79,58,-26,12840,9755,-24,54,36,-31,-6,61,6,1,1,13,13,9,0,-4,13,11,-4,-2,Decrease,Decrease,decr,-1,-1,-1
9003,20,0,0,20,16,0,0,16,7,0,0,7,19,0,0,19,11,0,0,11,1,0,0,1,569,436,711,799,29,24,28,6,6,-19,10,8,-20,2,0,0,3,184,207,12,4937,4284,-13,5,4,-14,300,25,-40,1,1,11,13,12,2,-1,12,13,0,1,Decrease,Increase,decr,-1,1,-1
9005,7,0,0,10,0,0,0,3,8,0,0,11,-18,0,0,-16,39,0,0,43,-5,1,1,-2,569,436,711,799,37,21,23,4,7,50,11,17,52,6,0,0,10,123,141,14,925,740,-20,4,3,-18,66,50,-62,1,1,11,13,12,2,-1,12,13,0,1,Decrease,Increase,decr,-1,1,-1
9009,13,0,0,13,11,0,0,11,10,0,0,10,-1,0,0,-1,17,0,0,18,-1,0,0,0,569,436,711,799,4,25,21,3,4,5,4,4,4,0,0,0,0,116,133,14,1687,1605,-4,1,1,-5,112,409,201,1,1,11,13,12,2,-1,12,13,0,1,Decrease,Increase,decr,-1,1,-1
9013,-23,0,0,-22,0,0,0,0,27,0,0,29,75,0,0,77,18,0,0,20,3,0,0,4,569,436,711,799,32,24,27,3,3,52,8,12,50,25,0,0,25,61,83,36,1055,973,-7,7,6,-9,-36,177,1210,1,1,11,13,12,2,-1,12,13,0,1,Decrease,Increase,decr,-1,1,-1
12081,-5,0,0,-17,33,0,0,16,2,0,0,-10,29,0,0,12,13,0,0,-1,17,0,0,2,632,530,919,882,-32,8,6,0,0,-35,2,1,-39,0,0,0,-13,36,37,2,23352,24769,6,73,74,0,1700,-20,5,1,1,15,13,11,-1,-1,14,12,-2,-2,Decrease,Decrease,decr,-1,-1,-1
12086,6,0,0,0,44,0,0,35,5,0,0,0,7,0,0,1,7,0,0,1,17,0,0,10,632,530,919,882,68,11,16,0,0,42,0,1,31,9,0,0,4,153,104,-32,32084,26908,-16,13,10,-22,-24,733,868,1,1,15,13,11,-1,-1,14,12,-2,-2,Decrease,Decrease,decr,-1,-1,-1
13033,33,0,0,38,0,0,0,3,5,0,0,10,0,0,0,3,66,0,0,73,-25,0,0,-22,749,666,711,649,87,3,7,0,0,-64,5,1,-64,0,0,0,0,18,14,-22,150,53,-64,6,2,-64,-100,0,50,1,1,17,15,13,-1,-2,16,14,-3,-3,Decrease,Decrease,decr,-1,-1,-1
13105,-16,0,0,-13,0,0,0,0,-5,0,0,-2,0,0,0,0,20,0,0,24,-20,0,0,-17,749,666,711,649,-37,3,2,0,0,5,1,1,10,0,0,0,0,4,6,50,13,21,61,0,1,69,200,25,95,0,1,17,15,13,-1,-2,16,14,-3,-3,Decrease,Decrease,decr,-1,-1,-1
13115,-15,0,0,-15,-25,0,0,-25,1,0,0,0,0,0,0,0,4,0,0,3,1,0,0,1,749,666,711,649,100,3,7,0,0,128,0,0,126,0,0,0,-2,6,22,266,24,97,304,0,1,301,-57,166,571,0,1,17,15,13,-1,-2,16,14,-3,-3,Decrease,Decrease,decr,-1,-1,-1
13121,2,0,0,-5,36,0,0,26,17,0,0,8,17,0,0,8,14,1,1,5,9,1,1,1,749,666,711,649,46,12,20,4,8,125,0,0,100,6,0,0,0,16,18,12,39,40,2,0,0,-8,37,142,-29,1,1,17,15,13,-1,-2,16,14,-3,-3,Decrease,Decrease,decr,-1,-1,-1
13141,100,0,0,117,0,0,0,0,-38,1,0,-33,0,0,0,0,-16,0,0,-9,100,0,0,117,749,666,711,649,133,3,10,0,0,240,0,1,271,0,0,0,0,9,15,66,12,28,133,1,3,155,-14,25,-5,0,0,17,15,13,-1,-2,16,14,-3,-3,Decrease,Decrease,decr,-1,-1,-1
13167,0,0,0,2,0,0,0,0,20,0,0,23,-100,0,0,-100,0,0,0,2,-25,0,0,-22,749,666,711,649,100,2,4,0,0,-44,1,1,-43,0,0,0,0,10,8,-20,84,18,-78,8,1,-78,-100,180,-35,0,0,17,15,13,-1,-2,16,14,-3,-3,Decrease,Decrease,decr,-1,-1,-1
13175,-36,0,0,-35,0,0,0,1,4,1,1,5,-20,0,0,-18,-2,0,0,0,15,0,0,17,749,666,711,649,26,2,3,0,0,43,0,1,42,0,0,0,0,14,22,57,144,86,-40,3,1,-40,-75,-25,-25,1,1,17,15,13,-1,-2,16,14,-3,-3,Decrease,Decrease,decr,-1,-1,-1
13195,-50,0,0,-51,0,0,0,0,-4,0,0,-6,0,0,0,0,-16,0,0,-18,20,0,0,17,749,666,711,649,61,4,7,0,0,-12,7,6,-13,0,0,0,0,18,15,-16,66,45,-31,2,1,-32,100,-30,205,1,1,17,15,13,-1,-2,16,14,-3,-3,Decrease,Decrease,decr,-1,-1,-1
13213,-37,0,0,-37,0,0,0,0,-14,0,0,-14,0,0,0,0,0,0,0,0,-27,0,0,-27,749,666,711,649,9,3,3,0,0,-54,1,0,-53,0,0,0,0,4,5,25,214,100,-53,5,2,-52,-100,133,55,1,1,17,15,13,-1,-2,16,14,-3,-3,Decrease,Decrease,decr,-1,-1,-1
13233,66,0,0,64,0,0,0,-1,-2,0,0,-3,-100,0,0,-100,-12,0,0,-13,7,0,0,6,749,666,711,649,-34,6,4,0,0,6,1,1,5,0,0,0,-3,4,10,150,22,12,-45,0,0,-45,500,42,-59,0,0,17,15,13,-1,-2,16,14,-3,-3,Decrease,Decrease,decr,-1,-1,-1
13269,-66,0,0,-65,0,0,0,0,0,0,0,2,0,0,0,0,25,0,0,28,-100,0,0,-100,749,666,711,649,180,1,6,0,0,633,0,2,676,0,0,0,0,9,6,-33,440,44,-90,49,5,-89,-100,-46,-8,1,0,17,15,13,-1,-2,16,14,-3,-3,Decrease,Decrease,decr,-1,-1,-1
13303,-33,0,0,-31,0,0,0,3,0,0,0,3,0,0,0,3,50,0,0,54,-16,0,0,-14,749,666,711,649,137,1,4,0,0,-74,2,0,-73,0,0,0,0,4,19,375,42,84,100,1,4,102,-100,109,-56,0,0,17,15,13,-1,-2,16,14,-3,-3,Decrease,Decrease,decr,-1,-1,-1
15003,-6,0,0,-9,10,0,0,7,-1,0,0,-4,17,0,0,14,3,0,0,0,11,0,0,8,1036,836,1340,1416,74,15,26,1,2,45,2,3,38,0,0,0,0,287,318,10,4446,5242,17,4,5,11,17,50,-2,1,1,13,12,7,-1,-4,13,9,-5,-3,Decrease,Decrease,decr,-1,-1,-1
16011,20,0,0,21,0,0,0,1,28,0,0,30,150,0,0,153,6,0,0,7,25,0,0,26,570,470,583,495,67,5,9,0,0,54,5,7,49,0,0,0,0,90,96,6,42618,45519,6,972,999,2,-78,-40,-12,1,1,13,11,10,-2,0,12,10,-2,-2,Decrease,Decrease,decr,-1,-1,-1
16019,25,0,0,18,0,0,0,-5,-2,0,0,-7,-22,0,0,-26,21,0,0,14,0,0,0,-5,570,470,583,495,-5,7,7,0,0,-43,3,2,-47,0,0,0,-8,38,41,7,20599,19983,-2,210,186,-11,75,133,-18,1,1,13,11,10,-2,0,12,10,-2,-2,Decrease,Decrease,decr,-1,-1,-1
16027,19,0,0,7,-16,0,0,-24,1,0,0,-7,12,0,0,1,10,0,0,0,3,0,0,-6,570,470,583,495,20,10,12,0,0,-31,10,6,-36,0,0,0,-11,77,107,38,5587,5740,2,31,29,-4,60,150,355,1,1,13,11,10,-2,0,12,10,-2,-2,Decrease,Decrease,decr,-1,-1,-1
16049,0,0,0,1,0,0,0,0,-10,0,0,-8,200,0,0,203,25,0,0,26,16,1,1,18,570,470,583,495,-1,7,7,0,0,-22,9,7,-25,0,0,0,-1,9,13,44,14,7,-50,0,0,-51,-71,50,-21,1,1,13,11,10,-2,0,12,10,-2,-2,Decrease,Decrease,decr,-1,-1,-1
17037,-8,0,0,-8,0,0,0,0,0,0,0,0,-33,0,0,-33,9,0,0,9,4,0,0,4,629,608,646,697,27,5,6,0,0,88,5,11,87,-33,0,0,-33,13,16,23,150,385,156,1,3,155,100,-18,-64,1,1,13,14,11,0,-3,13,12,-2,0,Decrease,Decrease,decr,-1,-1,-1
17117,25,0,0,30,0,0,0,4,-3,0,0,0,200,0,0,213,0,0,0,4,12,0,0,17,629,608,646,697,-4,3,3,0,0,9,7,8,11,0,0,0,0,6,10,66,51,12,-76,1,0,-75,-60,-57,40,1,1,13,14,11,0,-3,13,12,-2,0,Decrease,Decrease,decr,-1,-1,-1
17201,13,0,0,16,40,0,0,43,11,0,0,14,-30,0,0,-28,9,0,0,12,1,0,0,4,629,608,646,697,22,7,9,0,0,103,1,2,105,12,0,0,15,28,39,39,59,191,223,0,0,225,125,30,-43,1,1,13,14,11,0,-3,13,12,-2,0,Decrease,Decrease,decr,-1,-1,-1
18117,-20,0,0,-18,0,0,0,2,-41,0,0,-40,0,0,0,0,20,0,0,22,23,0,0,25,652,611,565,617,-15,5,4,0,0,43,2,4,44,0,0,0,1,8,11,37,7,19,171,0,0,173,-100,100,-92,0,1,13,11,11,-1,0,12,11,-1,-1,Decrease,Decrease,decr,-1,-1,-1
19105,0,0,0,1,0,0,0,1,-30,0,0,-29,-100,0,0,-100,-28,0,0,-27,-6,0,0,-4,489,479,476,534,-1,4,4,0,0,36,5,7,37,50,0,0,48,9,13,44,10,27,170,0,1,172,100,33,766,1,1,12,14,13,2,-1,13,14,0,2,Increase,Increase,decr,1,1,-1
20015,-37,0,0,-38,0,0,0,-1,27,0,0,26,0,0,0,-1,30,0,0,28,-3,0,0,-4,610,608,529,562,-20,8,6,0,0,2,3,3,0,0,0,0,-1,11,19,72,18,20,11,0,0,8,-100,55,127,1,1,14,15,13,1,-2,15,14,-1,0,Decrease,Increase,decr,-1,1,-1
20035,0,0,0,1,0,0,0,1,-6,0,0,-5,100,0,0,103,21,0,0,23,-20,0,0,-19,610,608,529,562,-23,4,3,0,0,137,2,5,137,0,0,0,2,7,6,-14,47,19,-59,1,0,-59,-100,-9,-20,1,1,14,15,13,1,-2,15,14,-1,0,Decrease,Increase,decr,-1,1,-1
20059,100,0,0,102,0,0,0,1,-7,0,0,-6,0,0,0,1,-12,0,0,-11,18,0,0,20,610,608,529,562,-29,4,3,0,0,-74,17,4,-74,0,0,0,0,11,5,-54,47,20,-57,1,0,-57,-25,180,20557,1,0,14,15,13,1,-2,15,14,-1,0,Decrease,Increase,decr,-1,1,-1
20125,0,0,0,5,100,0,0,111,5,0,0,11,-66,0,0,-64,4,0,0,10,-25,0,0,-21,610,608,529,562,56,3,4,0,0,-2,3,3,0,0,0,0,7,4,15,275,4,13,225,0,0,234,-14,11,-60,0,0,14,15,13,1,-2,15,14,-1,0,Decrease,Increase,decr,-1,1,-1
20155,-9,0,0,-7,0,0,0,2,-24,0,0,-22,-25,0,0,-23,-7,0,0,-5,2,0,0,4,610,608,529,562,46,3,5,0,0,128,7,16,126,200,0,0,208,13,18,38,147,162,10,2,2,9,-83,-20,215,1,1,14,15,13,1,-2,15,14,-1,0,Decrease,Increase,decr,-1,1,-1
20197,50,0,0,53,0,0,0,0,33,0,0,36,0,0,0,0,50,0,0,53,-16,0,0,-14,610,608,529,562,25,1,2,0,0,-36,8,5,-36,0,0,0,0,6,3,-50,26,11,-57,3,1,-57,-100,-33,-56,0,1,14,15,13,1,-2,15,14,-1,0,Decrease,Increase,decr,-1,1,-1
21027,50,0,0,52,0,0,0,0,-15,0,0,-14,0,0,0,0,25,0,0,26,-27,0,0,-26,666,677,534,573,-1,3,3,0,0,-20,17,13,-21,0,0,0,-1,25,26,4,40,65,62,2,3,60,-38,200,201,0,1,16,17,14,1,-2,16,16,-2,0,Decrease,Decrease,decr,-1,-1,-1
21043,-45,0,0,-44,0,0,0,0,0,0,0,1,0,0,0,0,-5,0,0,-3,27,0,0,29,666,677,534,573,6,5,6,0,2,267,2,8,274,0,0,0,2,31,30,-3,60,79,31,2,2,34,-30,25,0,0,0,16,17,14,1,-2,16,16,-2,0,Decrease,Decrease,decr,-1,-1,-1
21047,-14,0,0,-12,0,0,0,2,65,0,0,68,100,0,0,104,0,0,0,2,14,0,0,17,666,677,534,573,-1,4,4,0,0,118,2,4,111,0,0,0,2,54,72,33,374,482,28,5,6,24,-55,-13,32,0,1,16,17,14,1,-2,16,16,-2,0,Decrease,Decrease,decr,-1,-1,-1
21067,10,0,0,4,16,0,0,10,-16,0,0,-21,-22,0,0,-26,8,0,0,2,11,0,0,4,666,677,534,573,96,3,7,0,0,29,0,0,19,0,0,0,-4,34,37,8,108,122,12,0,0,4,0,-16,28,1,1,16,17,14,1,-2,16,16,-2,0,Decrease,Decrease,decr,-1,-1,-1
21083,25,0,0,26,0,0,0,1,-5,0,0,-3,200,0,0,203,-5,0,0,-4,0,0,0,1,666,677,534,573,51,2,3,0,0,-1,5,5,-2,0,0,0,0,15,21,40,75,68,-9,2,1,-10,-71,240,1650,1,1,16,17,14,1,-2,16,16,-2,0,Decrease,Decrease,decr,-1,-1,-1
21111,6,0,0,3,21,0,0,18,3,0,0,1,24,0,0,20,1,0,0,-1,17,0,0,13,666,677,534,573,9,6,9,0,1,98,0,0,90,13,0,0,11,37,28,-24,82,60,-26,0,0,-29,100,25,-92,1,1,16,17,14,1,-2,16,16,-2,0,Decrease,Decrease,decr,-1,-1,-1
21151,0,0,0,-5,0,0,0,-5,-6,0,0,-11,100,0,0,89,12,0,0,6,36,0,0,29,666,677,534,573,3,4,4,1,0,18,5,6,12,0,0,0,-6,50,36,-28,132,110,-16,1,1,-20,-16,11,461,1,1,16,17,14,1,-2,16,16,-2,0,Decrease,Decrease,decr,-1,-1,-1
21209,-20,0,0,-28,100,0,0,79,-56,0,0,-60,0,0,0,0,20,0,0,7,13,0,0,2,666,677,534,573,58,3,5,0,0,-7,3,3,-17,0,0,0,-10,31,26,-16,193,155,-19,4,3,-28,150,-17,87,1,1,16,17,14,1,-2,16,16,-2,0,Decrease,Decrease,decr,-1,-1,-1
21229,0,0,0,-3,0,0,0,0,-28,0,0,-30,0,0,0,0,28,0,0,24,-60,0,0,-61,666,677,534,573,-10,3,3,0,1,49,22,33,46,0,0,0,-1,16,17,6,18,31,72,1,2,68,14,0,133,0,0,16,17,14,1,-2,16,16,-2,0,Decrease,Decrease,decr,-1,-1,-1
23001,9,0,0,9,0,0,0,0,-3,0,0,-2,-33,0,0,-33,11,0,0,11,-13,0,0,-13,557,447,690,757,42,31,36,3,4,-1,21,21,-1,0,0,0,0,57,111,94,694,749,7,6,6,8,241,200,238,1,1,14,9,10,-5,0,12,9,-1,-4,Decrease,Decrease,incr,-1,-1,1
23031,-4,0,0,-6,100,0,0,96,-6,0,0,-8,14,0,0,12,3,0,0,1,0,1,1,-1,557,447,690,757,10,25,25,13,11,20,13,16,19,22,0,0,18,87,140,60,742,898,21,3,4,20,193,112,-30,1,1,14,9,10,-5,0,12,9,-1,-4,Decrease,Decrease,incr,-1,-1,1
24013,4,0,0,4,100,0,0,99,20,0,0,19,28,0,0,28,25,0,0,25,12,0,0,12,683,642,728,733,-17,12,10,1,2,111,9,19,112,0,0,0,0,56,33,-41,628,513,-18,3,3,-18,-35,-15,313,1,1,12,12,10,0,-2,12,11,-2,-1,Decrease,Decrease,decr,-1,-1,-1
24015,6,0,0,5,100,0,0,97,-2,0,0,-3,0,0,0,-1,3,0,0,2,1,0,0,0,683,642,728,733,-32,9,7,1,0,-45,12,6,-46,100,0,0,98,21,17,-19,60,89,48,0,0,45,0,-60,-58,1,1,12,12,10,0,-2,12,11,-2,-1,Decrease,Decrease,decr,-1,-1,-1
24017,5,0,0,0,0,0,0,-5,0,0,0,-5,-66,0,0,-68,22,0,0,15,-1,0,0,-6,683,642,728,733,-27,16,13,3,4,40,2,3,33,0,0,0,-5,48,38,-20,395,335,-15,2,2,-19,-44,85,145,0,1,12,12,10,0,-2,12,11,-2,-1,Decrease,Decrease,decr,-1,-1,-1
24021,-2,0,0,-6,33,0,0,27,-7,0,0,-10,-31,0,0,-34,5,0,0,1,21,0,0,15,683,642,728,733,5,10,12,2,1,9,11,11,3,15,0,0,8,70,61,-12,526,366,-30,2,1,-33,33,64,-28,1,1,12,12,10,0,-2,12,11,-2,-1,Decrease,Decrease,decr,-1,-1,-1
24033,1,0,0,-2,25,0,0,19,20,0,0,16,6,0,0,1,14,0,0,10,12,0,0,7,683,642,728,733,-10,17,16,4,7,77,0,1,70,29,0,0,26,49,41,-16,448,429,-4,0,0,-7,37,133,444,1,1,12,12,10,0,-2,12,11,-2,-1,Decrease,Decrease,decr,-1,-1,-1
24035,-44,0,0,-45,0,0,0,0,60,0,0,57,-14,0,0,-15,19,0,0,17,-3,0,0,-5,683,642,728,733,0,6,6,0,0,45,7,10,39,0,0,0,-3,21,25,19,1367,1107,-19,29,22,-22,-66,61,413,1,1,12,12,10,0,-2,12,11,-2,-1,Decrease,Decrease,decr,-1,-1,-1
25005,-8,0,0,-10,60,0,0,57,19,0,0,17,-20,0,0,-22,7,0,0,5,-2,0,0,-4,670,495,859,991,11,20,24,4,11,138,3,8,135,14,0,0,11,96,121,26,1697,1594,-6,3,2,-7,78,94,54,1,1,11,16,14,4,-1,14,15,0,3,Increase,Increase,decr,1,1,-1
25011,-18,0,0,-16,0,0,0,1,-11,0,0,-10,-14,0,0,-13,-5,0,0,-4,9,0,0,11,670,495,859,991,22,26,30,6,6,0,48,48,0,-8,0,0,-7,105,156,48,2234,3556,59,31,49,59,37,75,73,1,1,11,16,14,4,-1,14,15,0,3,Increase,Increase,decr,1,1,-1
25015,6,0,0,5,0,0,0,0,1,0,0,0,-7,0,0,-8,10,0,0,9,0,1,1,0,670,495,859,991,38,22,27,8,9,34,21,27,31,30,0,0,29,130,152,16,3992,4845,21,25,30,18,235,225,223,1,1,11,16,14,4,-1,14,15,0,3,Increase,Increase,decr,1,1,-1
25017,0,0,0,-4,28,0,0,22,12,0,0,7,7,0,0,3,12,0,0,7,9,0,0,4,670,495,859,991,42,27,36,7,10,29,4,5,22,9,0,0,5,143,199,39,1495,1545,3,1,1,-1,83,169,144,1,1,11,16,14,4,-1,14,15,0,3,Increase,Increase,decr,1,1,-1
25023,6,0,0,3,50,0,0,46,8,0,0,5,1,0,0,0,1,0,0,-1,10,0,0,7,670,495,859,991,36,13,19,1,1,13,3,3,11,5,0,0,2,61,76,24,693,768,10,1,1,8,133,35,74,1,1,11,16,14,4,-1,14,15,0,3,Increase,Increase,decr,1,1,-1
26005,-25,0,0,-27,0,0,0,-3,3,0,0,0,-40,0,0,-41,14,0,0,11,-2,0,0,-5,491,523,542,598,-23,13,11,0,0,-29,22,15,-29,66,0,0,59,58,81,39,2768,3789,36,24,33,36,0,55,-49,1,1,14,14,13,0,-1,14,14,0,0,Decrease,Decrease,decr,-1,-1,-1
26017,-15,0,0,-12,0,0,0,2,-9,0,0,-6,-41,0,0,-40,-6,0,0,-3,4,0,0,7,491,523,542,598,-17,10,10,1,0,-7,7,6,-6,50,0,0,54,75,49,-34,3165,1532,-51,29,14,-51,-66,-57,28,0,1,14,14,13,0,-1,14,14,0,0,Decrease,Decrease,decr,-1,-1,-1
26021,-23,0,0,-21,0,0,0,1,1,0,0,3,-16,0,0,-15,9,0,0,10,-2,0,0,-1,491,523,542,598,-29,17,14,6,3,-30,53,37,-30,-14,0,0,-13,167,140,-16,7142,6410,-10,45,41,-9,150,52,-53,1,1,14,14,13,0,-1,14,14,0,0,Decrease,Decrease,decr,-1,-1,-1
26027,-16,0,0,-15,0,0,0,0,20,0,0,22,0,0,0,1,0,0,0,1,13,0,0,15,491,523,542,598,-5,10,10,0,0,13,12,14,15,0,0,0,0,37,37,0,2155,1680,-22,40,32,-21,-30,-35,-89,0,1,14,14,13,0,-1,14,14,0,0,Decrease,Decrease,decr,-1,-1,-1
26047,-6,0,0,-6,0,0,0,0,-7,0,0,-8,-25,0,0,-25,10,0,0,10,23,1,1,23,491,523,542,598,47,11,17,5,18,172,13,36,171,33,0,0,31,6,19,216,176,229,30,5,6,29,-20,-11,-68,1,1,14,14,13,0,-1,14,14,0,0,Decrease,Decrease,decr,-1,-1,-1
26067,0,0,0,0,0,0,0,0,6,0,0,6,25,0,0,24,15,0,0,14,14,0,0,13,491,523,542,598,-3,10,11,0,0,-2,10,10,0,0,0,0,0,21,29,38,563,539,-4,8,8,-2,-85,12,177,1,1,14,14,13,0,-1,14,14,0,0,Decrease,Decrease,decr,-1,-1,-1
26077,-4,0,0,-7,14,0,0,10,-24,0,0,-27,35,0,0,30,14,0,0,10,11,0,0,7,491,523,542,598,27,10,15,0,0,24,2,2,19,0,0,0,-2,34,44,29,458,524,14,1,2,10,0,188,77,1,1,14,14,13,0,-1,14,14,0,0,Decrease,Decrease,decr,-1,-1,-1
26081,-18,0,0,-22,5,0,0,0,1,0,0,-4,2,0,0,-2,6,0,0,0,9,0,0,3,491,523,542,598,10,14,16,0,1,83,2,4,78,-4,0,0,-9,78,82,5,2473,2148,-13,4,3,-15,62,94,50,1,1,14,14,13,0,-1,14,14,0,0,Decrease,Decrease,decr,-1,-1,-1
26139,-16,0,0,-21,0,0,0,-5,-5,0,0,-11,8,0,0,2,20,0,0,13,5,0,0,0,491,523,542,598,-6,13,13,1,0,-33,18,11,-35,12,0,0,6,98,94,-4,3857,3345,-13,14,12,-16,-28,-56,-30,1,1,14,14,13,0,-1,14,14,0,0,Decrease,Decrease,decr,-1,-1,-1
26145,-2,0,0,0,0,0,0,3,-20,0,0,-17,60,0,0,65,7,0,0,10,9,0,0,13,491,523,542,598,-12,7,7,0,0,-3,3,3,-1,40,0,0,44,51,44,-13,359,647,80,1,3,84,-60,-14,-35,1,1,14,14,13,0,-1,14,14,0,0,Decrease,Decrease,decr,-1,-1,-1
26149,-26,0,0,-26,33,0,0,33,-3,0,0,-2,-14,0,0,-13,6,0,0,6,-21,0,0,-21,491,523,542,598,-5,9,9,0,0,-4,8,8,-2,0,0,0,0,28,31,10,1071,3927,266,17,64,274,50,175,396,1,1,14,14,13,0,-1,14,14,0,0,Decrease,Decrease,decr,-1,-1,-1
26157,-11,0,0,-7,0,0,0,4,0,0,0,4,50,0,0,56,-17,0,0,-14,4,0,0,8,491,523,542,598,-3,10,10,0,0,-6,21,20,-1,100,0,0,106,35,46,31,634,850,34,11,15,40,-22,54,224,1,1,14,14,13,0,-1,14,14,0,0,Decrease,Decrease,decr,-1,-1,-1
27013,-12,0,0,-15,0,0,0,-2,-16,0,0,-18,14,0,0,11,12,0,0,9,-6,0,0,-9,578,521,645,690,-30,3,3,0,0,4,4,4,0,0,0,0,-3,9,11,22,211,313,48,3,4,41,-100,-100,-100,1,1,10,10,9,0,0,10,9,0,0,Decrease,Decrease,decr,-1,-1,-1
27035,14,0,0,12,100,0,0,96,16,0,0,14,-28,0,0,-29,0,0,0,-1,10,1,1,8,578,521,645,690,15,7,9,1,0,-10,2,2,-12,-33,0,0,-35,11,16,45,41,43,4,0,0,2,-66,14,-79,1,1,10,10,9,0,0,10,9,0,0,Decrease,Decrease,decr,-1,-1,-1
27037,0,0,0,-3,85,0,0,78,-7,0,0,-11,38,0,0,33,3,0,0,0,21,0,0,16,578,521,645,690,-37,15,11,0,0,-36,4,2,-38,0,0,0,-4,113,82,-27,1615,1851,14,4,4,10,50,0,-46,1,1,10,10,9,0,0,10,9,0,0,Decrease,Decrease,decr,-1,-1,-1
27045,-42,0,0,-43,0,0,0,0,20,0,0,19,-50,0,0,-50,18,0,0,17,11,1,1,10,578,521,645,690,-1,4,5,0,0,1,20,20,2,0,0,0,-1,26,25,-3,57,68,19,2,3,20,71,120,92,1,1,10,10,9,0,0,10,9,0,0,Decrease,Decrease,decr,-1,-1,-1
27049,9,0,0,8,0,0,0,0,-25,0,0,-25,0,0,0,0,-3,0,0,-3,-8,0,0,-8,578,521,645,690,-11,7,7,0,0,5,11,12,4,-66,0,0,-66,22,16,-27,339,56,-83,7,1,-83,-43,-50,281,1,1,10,10,9,0,0,10,9,0,0,Decrease,Decrease,decr,-1,-1,-1
27109,13,0,0,7,20,0,0,14,-15,0,0,-19,100,0,0,90,19,0,0,13,4,0,0,0,578,521,645,690,-6,5,6,0,0,14,3,4,8,-20,0,0,-23,29,16,-44,618,306,-50,4,2,-53,-55,50,342,1,1,10,10,9,0,0,10,9,0,0,Decrease,Decrease,decr,-1,-1,-1
27145,-8,0,0,-11,100,0,0,93,27,0,0,23,0,0,0,-3,-2,0,0,-5,13,0,0,9,578,521,645,690,-1,5,4,0,0,1,5,5,-1,-14,0,0,-17,48,57,18,615,596,-3,4,3,-6,-28,31,84,1,1,10,10,9,0,0,10,9,0,0,Decrease,Decrease,decr,-1,-1,-1
27163,23,0,0,18,200,0,0,186,-5,0,0,-9,69,0,0,61,14,0,0,8,13,0,0,8,578,521,645,690,-26,20,18,4,3,19,12,13,12,0,0,0,-5,89,69,-22,1500,1030,-31,6,4,-35,71,87,977,1,1,10,10,9,0,0,10,9,0,0,Decrease,Decrease,decr,-1,-1,-1
28017,0,0,0,1,0,0,0,0,6,0,0,7,0,0,0,0,-33,0,0,-32,0,0,0,1,588,627,371,439,-44,2,1,1,0,-39,28,17,-38,0,0,0,0,30,20,-33,2217,3101,39,123,177,43,-100,-33,41,0,1,19,16,12,-2,-4,18,14,-5,-4,Decrease,Decrease,decr,-1,-1,-1
28023,-25,0,0,-21,0,0,0,0,-21,0,0,-17,-100,0,0,-100,0,0,0,5,14,0,0,20,588,627,371,439,-26,6,5,0,0,-55,9,4,-54,0,0,0,0,24,11,-54,99,24,-75,5,1,-75,-50,-25,-90,0,1,19,16,12,-2,-4,18,14,-5,-4,Decrease,Decrease,decr,-1,-1,-1
28071,33,0,0,20,0,0,0,-9,21,0,0,10,-28,0,0,-35,34,0,0,21,22,1,1,10,588,627,371,439,-14,2,2,0,0,-51,0,0,-56,0,0,0,-5,13,14,7,79,259,227,1,5,193,-100,-62,-93,1,1,19,16,12,-2,-4,18,14,-5,-4,Decrease,Decrease,decr,-1,-1,-1
28089,6,0,0,0,50,0,0,39,0,0,0,-6,25,0,0,16,26,0,1,17,-7,0,0,-14,588,627,371,439,-52,2,1,0,0,-20,0,0,-27,50,0,0,41,19,7,-63,30,12,-60,0,0,-63,-90,37,88,0,0,19,16,12,-2,-4,18,14,-5,-4,Decrease,Decrease,decr,-1,-1,-1
28107,-25,0,0,-24,0,0,0,0,-13,1,1,-13,100,0,0,101,15,0,0,16,-10,0,0,-9,588,627,371,439,38,1,2,0,0,237,1,3,240,0,0,0,0,16,17,6,73,85,16,2,2,17,-83,83,47,0,1,19,16,12,-2,-4,18,14,-5,-4,Decrease,Decrease,decr,-1,-1,-1
28145,33,0,0,28,0,0,0,-3,15,0,0,11,100,0,0,92,6,0,0,2,45,0,0,40,588,627,371,439,54,1,2,0,0,107,0,0,102,-66,0,0,-67,4,15,275,13,27,107,0,0,102,0,-40,-50,0,0,19,16,12,-2,-4,18,14,-5,-4,Decrease,Decrease,decr,-1,-1,-1
29019,0,0,0,-5,0,0,0,-5,-5,0,0,-11,-36,0,0,-40,21,0,0,14,-5,0,0,-11,623,567,617,642,49,5,9,0,0,20,2,2,11,0,0,0,-5,39,42,7,86,70,-18,0,0,-24,-26,35,36,1,1,16,22,17,6,-4,19,19,-1,3,Decrease,Increase,decr,-1,1,-1
29077,-4,0,0,-8,28,0,0,23,1,0,0,-1,21,0,0,16,3,0,0,0,8,0,0,4,623,567,617,642,6,4,5,0,0,2,0,0,-2,0,0,0,-2,18,18,0,57,22,-61,0,0,-63,-50,250,41,1,1,16,22,17,6,-4,19,19,-1,3,Decrease,Increase,decr,-1,1,-1
29107,0,0,0,2,0,0,0,0,-5,0,0,-3,-50,0,0,-48,5,0,0,8,0,0,0,2,623,567,617,642,-12,6,5,0,0,34,22,29,34,-25,0,0,-24,26,10,-61,157,15,-90,4,0,-90,33,75,164,1,1,16,22,17,6,-4,19,19,-1,3,Decrease,Increase,decr,-1,1,-1
29169,-16,0,0,-15,0,0,0,1,0,0,0,1,50,0,0,51,-4,0,0,-3,5,0,0,7,623,567,617,642,4,5,5,0,0,-26,1,0,-34,50,0,0,55,6,5,-16,12,31,158,0,0,129,200,60,-65,0,0,16,22,17,6,-4,19,19,-1,3,Decrease,Increase,decr,-1,1,-1
29177,-100,0,0,-100,0,0,0,2,-14,0,0,-12,0,0,0,0,14,0,0,17,-30,0,0,-28,623,567,617,642,-4,4,5,0,0,193,5,17,201,0,0,0,0,11,6,-45,10,76,660,0,3,681,25,33,100,1,1,16,22,17,6,-4,19,19,-1,3,Decrease,Increase,decr,-1,1,-1
29219,0,0,0,-3,0,0,0,-3,-18,0,0,-21,100,0,0,92,7,0,0,3,-8,0,0,-12,623,567,617,642,-23,6,5,0,1,101,7,15,91,33,0,0,26,17,12,-29,199,178,-10,6,5,-15,-60,36,95,1,1,16,22,17,6,-4,19,19,-1,3,Decrease,Increase,decr,-1,1,-1
29225,-20,0,0,-23,0,0,0,-4,-19,0,0,-22,0,0,0,-4,40,0,0,33,-26,0,0,-29,623,567,617,642,12,4,4,0,0,-21,9,7,-23,0,0,0,-6,24,29,20,45,41,-8,1,1,-11,0,-50,-54,0,0,16,22,17,6,-4,19,19,-1,3,Decrease,Increase,decr,-1,1,-1
30001,0,0,0,-2,0,0,0,0,-28,0,0,-30,-100,0,0,-100,80,0,0,75,-11,1,1,-13,549,513,745,770,42,4,6,0,0,-12,22,18,-15,0,0,0,-1,7,9,28,1215,899,-26,134,96,-28,50,-41,5,1,1,14,11,11,-3,0,13,11,-1,-3,Decrease,Decrease,decr,-1,-1,-1
30031,-14,0,0,-24,0,0,0,-12,5,0,0,-7,0,0,0,-12,5,1,0,-7,16,1,1,2,549,513,745,770,44,5,7,0,0,-9,5,4,-15,14,0,0,-3,38,34,-10,5401,4122,-23,62,44,-28,25,96,-36,1,1,14,11,11,-3,0,13,11,-1,-3,Decrease,Decrease,decr,-1,-1,-1
30047,0,0,0,-2,0,0,0,0,14,0,0,11,100,0,0,94,0,0,0,-2,-13,0,0,-15,549,513,745,770,3,11,12,1,1,16,18,21,12,-33,0,0,-35,37,31,-16,2403,1378,-42,85,47,-44,41,-33,-12,1,1,14,11,11,-3,0,13,11,-1,-3,Decrease,Decrease,decr,-1,-1,-1
30057,0,0,0,-4,0,0,0,0,0,0,0,-4,-33,0,0,-36,-66,0,0,-68,-15,2,2,-18,549,513,745,770,63,3,5,0,0,197,5,15,191,33,0,0,16,9,10,11,811,952,17,107,123,14,-100,-38,-37,1,1,14,11,11,-3,0,13,11,-1,-3,Decrease,Decrease,decr,-1,-1,-1
30081,0,0,0,-3,0,0,0,0,-22,0,0,-25,100,0,0,92,0,0,0,-3,-9,1,0,-12,549,513,745,770,21,8,11,1,1,11,14,15,9,-20,0,0,-24,45,45,0,69,78,13,1,1,11,-55,-20,56,1,1,14,11,11,-3,0,13,11,-1,-3,Decrease,Decrease,decr,-1,-1,-1
30089,25,0,0,24,0,0,0,0,0,0,0,0,-100,0,0,-100,75,0,0,73,6,1,1,5,549,513,745,770,2,7,8,1,1,21,14,17,21,0,0,0,-4,13,11,-15,31,30,-3,2,2,-3,33,133,-32,0,1,14,11,11,-3,0,13,11,-1,-3,Decrease,Decrease,decr,-1,-1,-1
31027,0,0,0,1,0,0,0,0,0,0,0,1,0,0,0,1,100,0,0,103,-40,1,0,-38,605,568,518,567,-10,2,1,0,0,48,5,7,51,0,0,0,2,4,4,0,6,3,-50,0,0,-48,0,0,0,0,0,13,16,14,3,-2,15,15,0,2,Decrease,Increase,decr,-1,1,-1
31157,-28,0,0,-27,0,0,0,1,27,0,0,28,0,0,0,1,-17,0,0,-16,22,0,0,23,605,568,518,567,66,3,4,0,0,165,0,2,161,50,0,0,53,6,8,33,7,8,14,0,0,12,600,-33,580,0,0,13,16,14,3,-2,15,15,0,2,Decrease,Increase,decr,-1,1,-1
33017,-10,0,0,-12,0,0,0,-2,-18,0,0,-20,100,0,0,94,-3,0,0,-6,17,0,0,14,650,502,842,858,71,19,29,11,9,-1,9,9,-3,11,0,0,6,45,56,24,313,220,-29,2,1,-31,70,280,784,1,1,9,13,13,4,0,11,13,1,4,Increase,Increase,decr,1,1,-1
34003,0,0,0,-3,50,0,0,45,14,0,0,10,5,0,0,1,7,0,0,4,19,0,1,16,518,436,630,699,6,17,28,5,9,9,0,0,5,8,0,0,6,20,10,-50,136,71,-47,0,0,-49,-100,-40,-78,1,1,12,10,9,-2,0,11,9,-1,-2,Decrease,Decrease,decr,-1,-1,-1
34005,-8,0,0,-7,0,0,0,0,14,0,0,14,-6,0,0,-5,-4,0,0,-3,3,0,0,4,518,436,630,699,-3,17,18,1,1,92,2,3,91,0,0,0,0,137,110,-19,3339,3472,3,7,7,3,28,-14,4,1,1,12,10,9,-2,0,11,9,-1,-2,Decrease,Decrease,decr,-1,-1,-1
34015,-11,0,0,-11,16,0,0,15,0,0,0,0,-16,0,0,-17,17,0,0,17,11,0,0,10,518,436,630,699,-21,17,15,3,4,28,10,13,26,0,0,0,0,124,90,-27,8905,5738,-35,31,19,-36,-28,16,75,1,1,12,10,9,-2,0,11,9,-1,-2,Decrease,Decrease,decr,-1,-1,-1
34023,-1,0,0,-4,175,0,0,167,19,0,0,16,0,0,0,-2,8,0,0,5,17,0,0,14,518,436,630,699,22,18,27,4,4,-17,2,1,-20,-12,0,0,-13,61,51,-16,1401,1356,-3,1,1,-7,200,12,-67,1,1,12,10,9,-2,0,11,9,-1,-2,Decrease,Decrease,decr,-1,-1,-1
34035,12,0,0,9,0,0,0,-2,-4,0,0,-6,-2,0,0,-4,7,0,0,5,15,0,0,13,518,436,630,699,-10,20,20,3,1,-36,2,1,-38,0,0,0,0,33,34,3,130,233,79,0,0,72,-25,37,-70,1,1,12,10,9,-2,0,11,9,-1,-2,Decrease,Decrease,decr,-1,-1,-1
35013,-22,0,0,-22,33,0,0,32,7,0,0,6,-22,0,0,-22,0,0,0,0,-2,0,0,-3,737,665,611,558,36,8,9,0,0,42,6,8,31,-16,0,0,-17,99,120,21,5879,4978,-15,29,23,-21,-83,183,153,0,1,16,11,8,-4,-3,14,10,-5,-6,Decrease,Decrease,decr,-1,-1,-1
35017,0,0,0,4,0,0,0,4,0,0,0,4,-100,0,0,-100,5,0,0,10,13,0,0,18,737,665,611,558,57,7,10,1,0,-8,3,3,-6,0,0,0,6,10,19,90,13,21,61,0,0,64,-100,22,22,1,1,16,11,8,-4,-3,14,10,-5,-6,Decrease,Decrease,decr,-1,-1,-1
35039,-50,0,0,-48,0,0,0,2,-27,0,0,-25,100,0,0,105,-17,0,0,-15,-5,0,0,-3,737,665,611,558,46,14,14,7,5,7,25,27,7,0,0,0,2,151,298,97,289,313,8,7,7,8,50,95,-12,1,0,16,11,8,-4,-3,14,10,-5,-6,Decrease,Decrease,decr,-1,-1,-1
35043,-7,0,0,-11,0,0,0,-4,19,0,0,14,100,0,0,91,13,0,0,8,-7,0,0,-11,737,665,611,558,14,10,7,3,1,-64,2,0,-68,0,0,0,-6,85,191,124,338,240,-28,2,1,-36,33,55,-31,0,1,16,11,8,-4,-3,14,10,-5,-6,Decrease,Decrease,decr,-1,-1,-1
36011,-21,0,0,-19,0,0,0,2,0,0,0,2,-42,0,0,-41,2,0,0,4,3,0,0,5,487,482,734,916,23,12,15,0,0,56,16,26,58,20,0,0,23,67,88,31,3122,4106,31,38,51,33,11,-33,-74,1,1,13,12,17,-1,5,12,15,5,1,Increase,Increase,incr,1,1,1
36019,-4,0,0,-3,0,0,0,0,-13,0,0,-12,-33,0,0,-32,-9,0,0,-8,5,0,0,6,487,482,734,916,59,11,18,0,0,-24,14,10,-23,20,0,0,21,43,45,4,502,506,0,6,6,1,125,125,378,1,1,13,12,17,-1,5,12,15,5,1,Increase,Increase,incr,1,1,1
36027,15,0,0,16,0,0,0,1,16,0,0,17,33,0,0,35,20,0,0,22,-2,1,1,-1,487,482,734,916,25,17,21,6,11,103,9,19,102,14,0,0,15,64,84,31,1988,1006,-49,6,3,-49,64,262,725,1,1,13,12,17,-1,5,12,15,5,1,Increase,Increase,incr,1,1,1
36029,25,0,0,25,28,0,0,28,8,0,0,7,-11,0,0,-11,2,0,0,2,8,0,0,8,487,482,734,916,28,13,20,1,2,103,1,3,103,14,0,0,14,109,118,8,2634,2863,8,2,3,8,70,12,383,1,1,13,12,17,-1,5,12,15,5,1,Increase,Increase,incr,1,1,1
36045,36,0,0,40,50,0,0,54,15,0,0,18,-50,0,0,-48,9,0,0,13,-5,1,1,-2,487,482,734,916,24,12,15,0,0,80,4,7,71,-5,0,0,0,48,59,22,213,274,28,1,2,22,0,-9,-95,1,1,13,12,17,-1,5,12,15,5,1,Increase,Increase,incr,1,1,1
36055,2,0,0,2,22,0,0,22,11,0,0,11,-12,0,0,-12,5,0,0,5,9,0,0,9,487,482,734,916,-3,17,21,3,3,11,3,3,10,45,0,0,46,121,105,-13,4559,5118,12,6,6,10,20,-5,2,1,1,13,12,17,-1,5,12,15,5,1,Increase,Increase,incr,1,1,1
36065,29,0,0,30,0,0,0,1,22,0,0,23,-31,0,0,-30,10,0,0,11,4,0,0,5,487,482,734,916,46,11,15,2,2,56,7,12,56,5,0,0,7,58,67,15,1230,893,-27,5,3,-27,300,36,-35,1,1,13,12,17,-1,5,12,15,5,1,Increase,Increase,incr,1,1,1
36067,-3,0,0,-2,20,0,0,20,23,0,0,24,-6,0,0,-5,13,0,0,13,1,0,0,1,487,482,734,916,27,15,19,0,2,150,2,7,147,36,0,0,38,70,83,18,1874,1659,-11,4,3,-12,550,9,1911,1,1,13,12,17,-1,5,12,15,5,1,Increase,Increase,incr,1,1,1
36069,5,0,0,4,25,0,0,23,2,0,0,1,-16,0,0,-17,6,0,0,5,14,0,1,13,487,482,734,916,41,12,17,1,0,-27,20,14,-30,0,0,0,0,71,72,1,2382,2117,-11,22,19,-14,450,0,-87,1,1,13,12,17,-1,5,12,15,5,1,Increase,Increase,incr,1,1,1
36071,-10,0,0,-12,0,0,0,-1,18,0,0,16,-6,0,0,-8,21,0,0,20,12,0,0,10,487,482,734,916,27,14,18,7,7,39,14,20,37,-15,0,0,-17,110,120,9,5405,5691,5,14,15,3,183,360,888,1,1,13,12,17,-1,5,12,15,5,1,Increase,Increase,incr,1,1,1
36077,0,0,0,2,0,0,0,2,14,0,0,17,-28,0,0,-26,-2,0,0,0,1,1,1,3,487,482,734,916,11,14,16,2,1,-7,18,17,-6,14,0,0,17,64,70,9,191,224,17,3,3,19,7,30,1023,1,1,13,12,17,-1,5,12,15,5,1,Increase,Increase,incr,1,1,1
36083,2,0,0,2,0,0,0,0,6,0,0,6,28,0,0,28,-4,0,0,-4,3,0,0,3,487,482,734,916,15,19,22,2,2,42,5,8,41,-16,0,0,-16,60,56,-6,1307,1477,13,8,9,12,36,70,1057,1,1,13,12,17,-1,5,12,15,5,1,Increase,Increase,incr,1,1,1
36089,11,0,0,13,50,0,0,53,-1,0,0,0,-25,0,0,-23,-10,0,0,-8,-14,0,0,-12,487,482,734,916,17,15,18,0,0,37,9,12,35,16,0,0,20,86,121,40,543,473,-12,4,4,-13,100,38,112,1,1,13,12,17,-1,5,12,15,5,1,Increase,Increase,incr,1,1,1
36091,-3,0,0,-6,0,0,0,-2,2,0,0,0,46,0,0,42,-4,0,0,-7,20,0,1,17,487,482,734,916,17,14,18,4,2,-26,11,7,-28,20,0,0,16,62,70,12,271,333,22,1,1,19,-28,50,104,1,1,13,12,17,-1,5,12,15,5,1,Increase,Increase,incr,1,1,1
36095,-50,0,0,-48,0,0,0,3,0,0,0,3,-100,0,0,-100,-13,0,0,-10,-20,0,0,-16,487,482,734,916,19,19,22,6,6,24,64,82,28,33,0,0,36,47,57,21,865,816,-5,26,25,-3,214,-66,-94,1,1,13,12,17,-1,5,12,15,5,1,Increase,Increase,incr,1,1,1
36101,15,0,0,17,0,0,0,2,1,0,0,4,75,0,0,79,-4,0,0,-1,-3,0,0,-1,487,482,734,916,36,10,13,0,0,74,5,9,73,20,0,0,23,50,68,36,1751,844,-51,17,8,-52,120,70,-20,1,1,13,12,17,-1,5,12,15,5,1,Increase,Increase,incr,1,1,1
36103,-5,0,0,-5,33,0,0,33,12,0,0,12,-5,0,0,-5,9,0,0,9,6,0,0,7,487,482,734,916,37,18,25,3,3,-1,6,5,-2,9,0,0,10,140,151,7,6464,5686,-12,4,3,-13,64,184,432,1,1,13,12,17,-1,5,12,15,5,1,Increase,Increase,incr,1,1,1
36105,-6,0,0,-4,0,0,0,2,1,0,0,4,100,0,0,104,-8,0,0,-6,8,1,1,10,487,482,734,916,11,16,18,1,2,4,8,8,5,0,0,0,1,31,30,-3,143,125,-12,1,1,-11,28,66,76,1,1,13,12,17,-1,5,12,15,5,1,Increase,Increase,incr,1,1,1
36111,0,0,0,1,50,0,0,52,8,0,0,9,-4,0,0,-2,0,0,0,0,4,1,1,6,487,482,734,916,30,20,28,4,6,26,15,19,27,16,0,0,18,70,82,17,3057,2663,-12,16,14,-12,16,52,533,1,1,13,12,17,-1,5,12,15,5,1,Increase,Increase,incr,1,1,1
36117,36,0,0,39,100,0,0,105,-6,0,0,-4,-50,0,0,-48,6,0,0,9,-5,0,0,-2,487,482,734,916,-14,17,16,1,1,10,20,23,10,20,0,0,23,112,111,0,4230,4401,4,45,47,4,9,25,376,1,1,13,12,17,-1,5,12,15,5,1,Increase,Increase,incr,1,1,1
36123,0,0,0,1,0,0,0,0,-30,0,0,-28,0,0,0,1,27,0,0,29,-9,0,0,-7,487,482,734,916,32,14,18,1,1,28,42,54,28,-25,0,0,-23,94,107,13,757,592,-21,29,23,-21,-37,-35,-71,0,1,13,12,17,-1,5,12,15,5,1,Increase,Increase,incr,1,1,1
37001,20,0,0,15,-20,0,0,-23,0,0,0,-4,0,0,0,-4,9,0,0,4,10,0,0,6,746,644,665,642,20,10,12,1,1,22,2,3,15,33,0,0,23,69,53,-23,238,162,-31,1,1,-35,100,14,-33,1,1,17,15,12,-1,-2,16,13,-3,-3,Decrease,Decrease,decr,-1,-1,-1
37009,0,0,0,0,0,0,0,0,13,0,0,14,0,0,0,0,18,0,0,19,15,0,0,16,746,644,665,642,33,5,7,0,0,10,13,14,7,-50,0,0,-50,72,66,-8,173,266,53,6,9,50,11,580,3600,0,0,17,15,12,-1,-2,16,13,-3,-3,Decrease,Decrease,decr,-1,-1,-1
37023,0,0,0,1,0,0,0,0,-3,0,0,-2,66,0,0,69,3,0,0,5,9,0,0,11,746,644,665,642,22,9,12,0,0,206,1,3,206,0,0,0,-1,41,37,-9,111,112,0,1,1,1,-77,50,-1,1,0,17,15,12,-1,-2,16,13,-3,-3,Decrease,Decrease,decr,-1,-1,-1
37065,10,0,0,15,0,0,0,5,-17,0,0,-13,50,0,0,57,14,0,0,20,12,0,0,18,746,644,665,642,-41,9,6,0,0,-76,4,0,-76,0,0,0,6,26,14,-46,2596,1196,-53,46,21,-53,0,33,-51,0,0,17,15,12,-1,-2,16,13,-3,-3,Decrease,Decrease,decr,-1,-1,-1
37101,3,0,0,-6,-20,0,0,-27,8,0,0,-2,20,0,0,8,0,0,0,-10,7,0,0,-3,746,644,665,642,-8,8,8,0,0,141,2,4,115,0,0,0,-12,128,110,-14,8032,9930,23,51,56,10,57,25,334,1,1,17,15,12,-1,-2,16,13,-3,-3,Decrease,Decrease,decr,-1,-1,-1
37123,0,0,0,1,0,0,0,1,-6,0,0,-5,0,0,0,0,12,0,0,13,0,0,0,1,746,644,665,642,45,8,14,0,0,47,16,24,46,0,0,0,0,28,21,-25,213,290,36,7,10,35,700,116,-92,1,1,17,15,12,-1,-2,16,13,-3,-3,Decrease,Decrease,decr,-1,-1,-1
37155,17,0,0,19,0,0,0,1,15,0,0,17,-50,0,0,-49,4,0,0,5,-4,0,0,-3,746,644,665,642,-17,6,6,0,0,-15,3,3,-18,-66,0,0,-65,65,42,-35,818,502,-38,6,3,-40,275,140,40,0,0,17,15,12,-1,-2,16,13,-3,-3,Decrease,Decrease,decr,-1,-1,-1
37161,-7,0,0,-6,0,0,0,1,-21,0,0,-19,-50,0,0,-49,-5,0,0,-4,-3,0,0,-2,746,644,665,642,32,7,11,4,0,-59,4,1,-59,0,0,0,0,34,45,32,166,145,-12,2,2,-13,20,87,407,0,0,17,15,12,-1,-2,16,13,-3,-3,Decrease,Decrease,decr,-1,-1,-1
37175,40,0,0,37,0,0,0,0,14,0,0,12,50,0,0,47,5,0,0,3,-6,0,0,-8,746,644,665,642,55,9,19,2,3,177,7,21,171,0,0,0,-4,33,26,-21,258,264,2,8,8,0,-44,-28,-54,1,1,17,15,12,-1,-2,16,13,-3,-3,Decrease,Decrease,decr,-1,-1,-1
37183,12,0,0,0,15,0,0,1,6,0,0,-5,48,0,0,31,15,0,0,2,7,0,0,-4,746,644,665,642,57,11,18,1,1,36,0,0,17,7,0,0,-3,93,90,-3,1281,1127,-12,1,1,-24,8,-7,517,1,1,17,15,12,-1,-2,16,13,-3,-3,Decrease,Decrease,decr,-1,-1,-1
39005,16,0,0,16,0,0,0,0,-19,0,0,-19,-100,0,0,-100,0,0,0,0,-3,0,0,-4,622,649,577,643,10,11,12,0,0,-21,8,6,-21,100,0,0,97,52,49,-5,356,231,-35,6,4,-34,-20,-22,-36,1,1,15,16,13,1,-3,16,15,-2,0,Decrease,Decrease,decr,-1,-1,-1
39025,-7,0,0,-9,16,0,0,14,5,0,0,3,0,0,0,-2,-4,0,0,-6,7,0,0,4,622,649,577,643,16,9,11,1,0,-11,2,2,-13,0,0,0,-2,43,29,-32,181,106,-41,0,0,-42,-83,216,27,1,1,15,16,13,1,-3,16,15,-2,0,Decrease,Decrease,decr,-1,-1,-1
39029,-5,0,0,-2,0,0,0,3,-11,0,0,-8,-14,0,0,-11,24,0,0,28,-11,0,0,-8,622,649,577,643,-11,14,13,1,1,-11,10,9,-8,0,0,0,0,47,31,-34,273,218,-20,2,2,-18,600,28,18,1,1,15,16,13,1,-3,16,15,-2,0,Decrease,Decrease,decr,-1,-1,-1
39043,8,0,0,10,0,0,0,2,-6,0,0,-4,-28,0,0,-26,6,0,1,9,-3,1,1,-1,622,649,577,643,-38,17,12,2,1,17,13,15,19,100,0,0,103,47,26,-44,580,547,-5,7,7,-4,-42,0,-53,1,1,15,16,13,1,-3,16,15,-2,0,Decrease,Decrease,decr,-1,-1,-1
39045,7,0,0,3,0,0,0,-3,-6,0,0,-10,-25,0,0,-27,10,0,0,6,26,0,0,21,622,649,577,643,26,10,11,0,0,88,2,3,82,0,0,0,-4,34,31,-8,274,245,-10,1,1,-13,-66,57,-54,1,1,15,16,13,1,-3,16,15,-2,0,Decrease,Decrease,decr,-1,-1,-1
39069,-20,0,0,-17,0,0,0,2,-7,0,0,-4,-100,0,0,-100,11,0,0,14,15,0,0,18,622,649,577,643,-33,5,4,0,0,-51,7,3,-50,0,0,0,0,13,13,0,1189,946,-20,41,33,-18,-33,0,462,1,1,15,16,13,1,-3,16,15,-2,0,Decrease,Decrease,decr,-1,-1,-1
39103,10,0,0,8,0,0,0,-1,-11,0,0,-13,0,0,0,-1,14,0,0,12,12,0,0,10,622,649,577,643,-6,18,18,2,2,8,7,7,5,20,0,0,16,89,66,-25,830,380,-54,4,2,-55,100,-23,120,1,1,15,16,13,1,-3,16,15,-2,0,Decrease,Decrease,decr,-1,-1,-1
39143,20,0,0,22,-50,0,0,-48,-11,0,0,-9,-25,0,0,-23,-2,0,0,0,5,0,0,8,622,649,577,643,-28,8,6,0,0,34,10,13,36,0,0,0,2,28,24,-14,1184,1216,2,19,20,4,-20,40,-70,1,1,15,16,13,1,-3,16,15,-2,0,Decrease,Decrease,decr,-1,-1,-1
39151,-3,0,0,-2,0,0,0,0,4,0,0,4,-30,0,0,-30,8,0,0,8,-8,0,0,-8,622,649,577,643,-14,17,16,1,1,-14,4,3,-13,15,0,0,16,87,66,-24,1189,847,-28,3,2,-28,30,183,806,1,1,15,16,13,1,-3,16,15,-2,0,Decrease,Decrease,decr,-1,-1,-1
40005,-20,0,0,-18,0,0,0,0,0,0,0,1,-100,0,0,-100,16,0,0,18,0,0,0,1,676,623,499,557,-51,3,1,0,0,-68,15,4,-68,0,0,0,0,12,12,0,34,106,211,2,7,214,-100,57,5,0,0,14,16,15,1,-1,15,15,0,1,Decrease,Increase,decr,-1,1,-1
40071,-11,0,0,-9,0,0,0,1,-4,0,0,-2,0,0,0,1,25,0,0,28,13,0,0,15,676,623,499,557,-28,3,2,0,0,-6,2,2,-5,0,0,0,3,3,3,0,12,8,-33,0,0,-32,-75,-8,-9,1,0,14,16,15,1,-1,15,15,0,1,Decrease,Increase,decr,-1,1,-1
40087,0,0,0,-8,0,0,0,-8,0,0,0,-8,0,0,0,-8,4,0,0,-4,5,0,0,-4,676,623,499,557,-4,5,5,0,0,-3,6,5,-11,0,0,0,-8,20,17,-15,87,122,40,2,3,27,100,157,693,1,0,14,16,15,1,-1,15,15,0,1,Decrease,Increase,decr,-1,1,-1
40093,0,0,0,-1,0,0,0,0,-36,1,0,-37,0,0,0,0,0,0,0,-1,-20,0,0,-21,676,623,499,557,27,1,2,0,0,-31,19,12,-33,0,0,0,0,17,8,-52,58,36,-37,7,4,-39,-100,92,-13,0,1,14,16,15,1,-1,15,15,0,1,Decrease,Increase,decr,-1,1,-1
40107,0,0,0,1,0,0,0,0,-25,0,0,-23,0,0,0,0,100,0,0,103,0,0,0,1,676,623,499,557,-33,3,2,0,0,-37,10,6,-38,0,0,0,0,11,6,-45,272,158,-41,22,12,-43,-20,180,133,0,0,14,16,15,1,-1,15,15,0,1,Decrease,Increase,decr,-1,1,-1
40113,0,0,0,0,0,0,0,0,40,0,0,41,-33,0,0,-32,0,0,0,0,-20,0,0,-19,676,623,499,557,-33,5,4,0,0,-45,2,1,-45,0,0,0,0,12,8,-33,66,21,-68,1,0,-68,0,-17,-14,1,0,14,16,15,1,-1,15,15,0,1,Decrease,Increase,decr,-1,1,-1
40119,25,0,0,20,50,0,0,44,20,0,0,15,-28,0,0,-31,25,0,0,20,12,0,0,8,676,623,499,557,-24,6,5,0,1,-4,4,4,-9,0,0,0,-2,34,23,-32,81,30,-62,1,0,-65,33,15,-7,1,0,14,16,15,1,-1,15,15,0,1,Decrease,Increase,decr,-1,1,-1
40123,20,0,0,17,0,0,0,-1,-9,0,0,-10,100,0,0,96,15,0,0,13,4,0,0,2,676,623,499,557,-6,4,4,0,0,-42,4,2,-44,0,0,0,0,9,7,-22,52,18,-65,1,0,-67,-100,20,229,0,0,14,16,15,1,-1,15,15,0,1,Decrease,Increase,decr,-1,1,-1
40127,-50,0,0,-48,0,0,0,0,0,0,0,3,0,0,0,0,-40,0,0,-38,42,0,0,47,676,623,499,557,-50,2,1,0,0,62,0,1,66,0,0,0,0,7,7,0,5,7,40,0,0,43,-100,20,248,0,0,14,16,15,1,-1,15,15,0,1,Decrease,Increase,decr,-1,1,-1
40131,20,0,0,15,100,0,0,92,11,0,0,7,0,0,0,-3,-6,0,0,-10,2,0,0,0,676,623,499,557,-16,7,6,1,0,-19,4,3,-23,0,0,0,0,15,10,-33,27,25,-7,0,0,-12,-100,250,47,1,1,14,16,15,1,-1,15,15,0,1,Decrease,Increase,decr,-1,1,-1
41001,-57,0,0,-56,0,0,0,0,14,0,0,15,-33,0,0,-32,28,0,0,29,18,1,1,19,710,531,778,746,10,10,12,0,0,34,13,18,36,0,0,0,0,7,12,71,18,26,44,1,1,45,100,-36,-6,1,1,13,16,12,2,-3,14,14,-1,0,Decrease,Increase,decr,-1,1,-1
41005,-1,0,0,-8,8,0,0,1,0,0,0,-7,-10,0,0,-16,0,0,0,-6,13,0,0,6,710,531,778,746,6,19,22,0,0,-10,9,8,-14,0,0,0,-6,148,150,1,2482,2441,-1,6,6,-5,59,189,254,1,1,13,16,12,2,-3,14,14,-1,0,Decrease,Increase,decr,-1,1,-1
41015,-12,0,0,-12,100,0,0,99,22,0,0,21,200,0,0,198,25,0,0,24,16,1,1,16,710,531,778,746,22,18,22,0,0,105,2,6,107,-33,0,0,-35,10,16,60,7,15,114,0,0,116,100,0,-54,1,1,13,16,12,2,-3,14,14,-1,0,Decrease,Increase,decr,-1,1,-1
41017,11,0,0,-1,0,0,0,-11,-4,0,0,-15,15,0,0,2,11,0,0,-1,20,1,1,6,710,531,778,746,18,14,19,3,4,49,3,5,40,-33,0,0,-42,10,30,200,65,77,18,0,0,11,33,212,113,1,1,13,16,12,2,-3,14,14,-1,0,Decrease,Increase,decr,-1,1,-1
41029,-5,0,0,-9,28,0,0,22,-1,0,0,-5,11,0,0,5,0,0,0,-4,5,0,0,0,710,531,778,746,9,17,21,17,2,-89,69,7,-89,0,0,0,-5,77,122,58,260,387,48,1,1,43,46,15,55,1,1,13,16,12,2,-3,14,14,-1,0,Decrease,Increase,decr,-1,1,-1
41035,6,0,0,6,0,0,0,0,-6,0,0,-6,-16,0,0,-16,7,0,0,7,16,0,1,16,710,531,778,746,-24,9,8,0,0,-22,5,4,-22,-20,0,0,-22,52,59,13,2934,4424,50,43,66,52,16,0,109,0,0,13,16,12,2,-3,14,14,-1,0,Decrease,Increase,decr,-1,1,-1
41045,0,0,0,1,0,0,0,1,0,0,0,1,100,0,0,102,-13,0,0,-11,-11,1,1,-9,710,531,778,746,-25,6,5,0,0,-84,45,7,-83,0,0,0,0,94,75,-20,9921,7545,-23,315,246,-21,-20,62,-57,1,1,13,16,12,2,-3,14,14,-1,0,Decrease,Increase,decr,-1,1,-1
41047,10,0,0,4,0,0,0,-5,12,0,0,6,9,0,0,3,16,0,0,10,5,0,0,0,710,531,778,746,16,17,20,0,1,30,15,19,25,-9,0,0,-15,120,129,7,2493,2655,6,8,8,2,69,150,1764,1,1,13,16,12,2,-3,14,14,-1,0,Decrease,Increase,decr,-1,1,-1
41051,13,0,0,5,5,0,0,-2,0,0,0,-5,26,0,0,17,1,0,0,-5,18,1,1,10,710,531,778,746,42,23,31,5,5,-21,6,5,-27,3,0,0,-1,52,79,51,1613,1465,-9,2,1,-16,416,60,-71,1,1,13,16,12,2,-3,14,14,-1,0,Decrease,Increase,decr,-1,1,-1
41059,16,0,0,16,0,0,0,0,21,0,0,21,-20,0,0,-19,-5,0,0,-4,14,0,0,14,710,531,778,746,-3,13,13,1,0,-74,48,11,-75,0,0,0,0,59,48,-18,10211,10891,6,137,141,2,-28,-25,-17,1,1,13,16,12,2,-3,14,14,-1,0,Decrease,Increase,decr,-1,1,-1
41071,16,0,0,11,0,0,0,-4,-27,0,0,-31,40,0,0,33,-16,0,0,-20,12,0,0,7,710,531,778,746,20,17,22,0,0,9,13,13,4,0,0,0,-6,51,67,31,660,1317,99,6,13,89,5,77,1039,1,1,13,16,12,2,-3,14,14,-1,0,Decrease,Increase,decr,-1,1,-1
42001,-8,0,0,-8,0,0,0,0,20,0,0,19,16,0,0,16,21,0,0,21,-2,0,0,-2,452,425,587,649,1,14,16,1,1,21,30,36,20,-50,0,0,-50,80,77,-3,684,440,-35,6,4,-36,162,-25,-36,1,1,12,11,12,-1,0,11,11,0,0,Increase,Decrease,incr,1,-1,1
42003,4,0,0,4,-7,0,0,-7,2,0,0,2,-15,0,0,-15,9,0,0,9,6,0,0,6,452,425,587,649,-8,14,16,15,10,-26,1,0,-27,14,0,0,15,54,25,-53,801,444,-44,0,0,-44,0,44,7,1,1,12,11,12,-1,0,11,11,0,0,Increase,Decrease,incr,1,-1,1
42011,-3,0,0,-4,40,0,0,39,-3,0,0,-4,11,0,0,10,9,0,0,8,3,0,0,2,452,425,587,649,14,13,15,0,0,74,5,9,71,-16,0,0,-17,131,157,19,1096,1142,4,2,2,2,111,-45,1,1,1,12,11,12,-1,0,11,11,0,0,Increase,Decrease,incr,1,-1,1
42017,-8,0,0,-8,150,0,0,149,-1,0,0,-1,4,0,0,4,6,0,0,6,1,0,0,1,452,425,587,649,-1,17,19,7,6,-22,7,6,-23,57,0,0,56,107,80,-25,1372,810,-40,2,1,-41,18,165,245,1,1,12,11,12,-1,0,11,11,0,0,Increase,Decrease,incr,1,-1,1
42027,0,0,0,-4,0,0,0,-4,0,0,0,-4,9,0,0,4,17,0,0,12,8,0,0,4,452,425,587,649,12,13,14,1,1,8,7,8,4,0,0,0,-2,70,85,21,704,605,-14,4,3,-17,110,10,-10,1,1,12,11,12,-1,0,11,11,0,0,Increase,Decrease,incr,1,-1,1
42037,0,0,0,1,0,0,0,1,16,0,0,18,0,0,0,1,26,0,0,27,15,0,0,16,452,425,587,649,72,7,12,1,1,90,11,21,88,0,0,0,2,31,56,80,1437,1388,-3,21,20,-4,0,28,-53,0,1,12,11,12,-1,0,11,11,0,0,Increase,Decrease,incr,1,-1,1
42039,-16,0,0,-15,0,0,0,1,0,0,0,1,-12,0,0,-10,-14,0,0,-13,-5,0,0,-3,452,425,587,649,-22,14,11,0,0,36,7,11,39,0,0,0,2,75,63,-16,444,403,-9,4,4,-7,350,122,4,1,1,12,11,12,-1,0,11,11,0,0,Increase,Decrease,incr,1,-1,1
42049,-12,0,0,-10,20,0,0,22,4,0,0,6,-52,0,0,-52,10,0,0,12,-4,0,0,-3,452,425,587,649,-6,11,12,1,1,3,4,5,2,40,0,0,44,99,63,-36,1000,613,-38,3,2,-39,33,0,20,1,1,12,11,12,-1,0,11,11,0,0,Increase,Decrease,incr,1,-1,1
42071,-4,0,0,-7,0,0,0,-2,-7,0,0,-10,28,0,0,24,10,0,0,7,9,0,0,6,452,425,587,649,3,13,13,0,0,29,18,22,24,0,0,0,-2,703,802,14,5401,4965,-8,10,9,-11,87,29,62,1,1,12,11,12,-1,0,11,11,0,0,Increase,Decrease,incr,1,-1,1
42075,13,0,0,10,0,0,0,-2,-2,0,0,-4,33,0,0,29,8,0,0,5,4,0,0,1,452,425,587,649,24,10,12,0,0,66,8,13,60,-25,0,0,-27,50,68,36,698,759,8,5,5,4,16,50,79,1,1,12,11,12,-1,0,11,11,0,0,Increase,Decrease,incr,1,-1,1
42081,-14,0,0,-12,0,0,0,1,2,0,0,3,-28,0,0,-27,4,0,0,6,-5,0,0,-3,452,425,587,649,-4,10,9,2,1,1,10,10,0,0,0,0,2,48,28,-41,439,435,0,3,3,-1,-55,-15,105,1,1,12,11,12,-1,0,11,11,0,0,Increase,Decrease,incr,1,-1,1
42089,-26,0,0,-24,0,0,0,2,-5,0,0,-3,9,0,0,11,5,0,0,7,-3,0,0,-1,452,425,587,649,0,12,15,14,7,-27,6,5,-27,33,0,0,31,27,31,14,246,346,40,1,2,39,150,33,3,1,1,12,11,12,-1,0,11,11,0,0,Increase,Decrease,incr,1,-1,1
42091,8,0,0,6,71,0,0,68,6,0,0,4,-14,0,0,-16,8,0,0,6,5,0,0,3,452,425,587,649,-9,15,16,7,5,-38,2,1,-40,-17,0,0,-19,73,52,-28,688,299,-56,0,0,-57,300,150,1475,1,1,12,11,12,-1,0,11,11,0,0,Increase,Decrease,incr,1,-1,1
42125,-25,0,0,-24,0,0,0,0,10,0,0,10,-44,0,0,-44,11,0,0,11,-1,0,0,-1,452,425,587,649,-14,10,9,2,5,165,3,8,162,0,0,0,0,95,53,-44,601,513,-14,2,2,-15,-37,14,-53,1,1,12,11,12,-1,0,11,11,0,0,Increase,Decrease,incr,1,-1,1
42127,-33,0,0,-31,0,0,0,2,0,0,0,2,-60,0,0,-58,30,0,0,33,9,1,1,12,452,425,587,649,31,13,14,1,3,179,6,19,182,0,0,0,1,32,45,40,135,200,48,2,3,49,60,122,-36,1,0,12,11,12,-1,0,11,11,0,0,Increase,Decrease,incr,1,-1,1
42129,4,0,0,6,16,0,0,19,3,0,0,6,-4,0,0,-1,7,0,0,10,5,0,0,8,452,425,587,649,-3,14,15,2,3,43,3,5,44,-9,0,0,-6,98,75,-23,1002,517,-48,2,1,-47,-50,50,8,1,1,12,11,12,-1,0,11,11,0,0,Increase,Decrease,incr,1,-1,1
42133,0,0,0,-1,0,0,0,-1,1,0,0,0,-21,0,0,-22,7,0,0,5,-1,0,0,-2,452,425,587,649,-4,14,15,1,1,14,9,10,11,28,0,0,25,204,159,-22,1303,1172,-10,3,2,-12,25,-3,378,1,1,12,11,12,-1,0,11,11,0,0,Increase,Decrease,incr,1,-1,1
44009,-12,0,0,-12,100,0,0,100,-15,0,0,-14,33,0,0,33,2,0,0,2,-1,1,1,-1,636,453,790,937,42,23,27,4,7,49,9,13,50,-52,0,0,-52,61,74,21,432,500,15,3,3,16,25,76,777,1,1,15,12,12,-2,0,14,12,-1,-2,Decrease,Decrease,decr,-1,-1,-1
45003,-6,0,0,-9,66,0,0,61,11,0,0,8,-12,0,0,-15,23,0,0,19,10,0,0,7,711,632,719,688,12,5,7,0,0,-28,2,1,-31,0,0,0,-3,87,60,-31,494,284,-42,3,1,-45,60,550,640,1,0,14,13,11,0,-2,14,12,-2,-2,Decrease,Decrease,decr,-1,-1,-1
45027,0,0,0,1,0,0,0,1,-5,1,0,-4,0,0,0,1,-23,0,0,-22,-5,0,0,-3,711,632,719,688,10,3,4,0,0,-67,9,3,-67,0,0,0,1,39,30,-23,937,763,-18,27,22,-18,-66,-47,180,1,0,14,13,11,0,-2,14,12,-2,-2,Decrease,Decrease,decr,-1,-1,-1
45045,2,0,0,-5,37,0,0,26,0,0,0,-7,-3,0,0,-11,8,0,0,0,9,0,0,0,711,632,719,688,95,4,7,3,15,270,1,5,239,12,0,0,3,91,75,-17,852,817,-4,1,1,-12,42,250,8,1,1,14,13,11,0,-2,14,12,-2,-2,Decrease,Decrease,decr,-1,-1,-1
45089,12,0,0,20,0,0,0,0,11,0,0,19,0,0,0,7,-15,0,0,-9,6,0,0,14,711,632,719,688,-2,4,5,0,0,10,3,4,16,0,0,0,8,71,52,-26,731,238,-67,20,7,-65,0,-22,135,0,0,14,13,11,0,-2,14,12,-2,-2,Decrease,Decrease,decr,-1,-1,-1
45091,-5,0,0,-15,40,0,0,24,2,0,0,-8,0,0,0,-10,-6,0,0,-16,25,0,0,12,711,632,719,688,0,5,5,1,1,14,4,4,1,0,0,0,-12,56,45,-19,225,228,1,1,0,-9,0,123,71,1,1,14,13,11,0,-2,14,12,-2,-2,Decrease,Decrease,decr,-1,-1,-1
46103,-15,0,0,-20,50,0,0,41,3,0,0,-2,50,0,0,41,13,0,0,6,5,0,0,0,547,534,547,589,6,4,5,0,0,-58,3,1,-61,0,0,0,-5,7,11,57,7,12,71,0,0,57,200,-20,52,0,1,12,11,11,0,0,12,11,0,-1,Decrease,Decrease,decr,-1,-1,-1
47001,-14,0,0,-14,0,0,0,0,31,0,0,30,0,0,0,0,5,0,0,4,41,0,0,41,702,665,654,662,7,7,9,1,3,57,1,1,53,100,0,0,96,10,7,-30,23,19,-17,0,0,-19,100,-100,-100,1,1,15,16,12,1,-3,15,14,-2,0,Decrease,Decrease,decr,-1,-1,-1
47009,-11,0,0,-14,0,0,0,-3,7,0,0,3,42,0,0,37,1,0,0,-2,1,0,0,-2,702,665,654,662,-19,8,7,1,2,15,2,2,12,0,0,0,-4,43,33,-23,410,222,-45,3,1,-47,300,-28,50,1,1,15,16,12,1,-3,15,14,-2,0,Decrease,Decrease,decr,-1,-1,-1
47017,-14,0,0,-12,0,0,0,2,15,0,0,17,0,0,0,0,-14,0,0,-12,42,0,0,45,702,665,654,662,18,2,3,0,0,73,1,2,74,0,0,0,0,6,7,16,7,11,57,0,0,58,0,-66,-57,1,1,15,16,12,1,-3,15,14,-2,0,Decrease,Decrease,decr,-1,-1,-1
47055,0,0,0,0,0,0,0,0,7,0,0,8,0,0,0,0,10,0,0,10,-25,0,0,-24,702,665,654,662,-3,3,3,0,0,2,4,4,4,0,0,0,-2,6,10,66,14,22,57,0,0,60,-71,-12,25,1,1,15,16,12,1,-3,15,14,-2,0,Decrease,Decrease,decr,-1,-1,-1
47059,18,0,0,19,0,0,0,0,-2,0,0,-1,0,0,0,0,-2,0,0,-1,-6,0,0,-6,702,665,654,662,14,3,4,0,0,-10,4,3,-11,-33,0,0,-34,42,36,-14,296,489,65,4,7,63,25,-33,348,0,1,15,16,12,1,-3,15,14,-2,0,Decrease,Decrease,decr,-1,-1,-1
47073,12,0,0,12,0,0,0,0,15,0,0,15,100,0,0,100,-15,0,0,-15,-4,0,0,-4,702,665,654,662,-29,5,4,1,1,3,3,3,2,0,0,0,0,31,27,-12,122,108,-11,2,1,-11,-25,75,40,1,1,15,16,12,1,-3,15,14,-2,0,Decrease,Decrease,decr,-1,-1,-1
47081,0,0,0,-1,0,0,0,0,33,0,0,31,0,0,0,0,20,0,0,18,0,0,0,-1,702,665,654,662,2,5,5,1,0,-17,5,4,-16,100,0,0,93,9,12,33,22,31,40,0,1,42,266,133,26,0,0,15,16,12,1,-3,15,14,-2,0,Decrease,Decrease,decr,-1,-1,-1
47099,33,0,0,30,0,0,0,-2,-17,0,0,-19,50,0,0,46,7,0,0,5,29,0,0,26,702,665,654,662,50,4,7,0,1,143,8,19,137,0,0,0,-4,74,84,13,295,470,59,7,11,55,75,-33,-48,1,1,15,16,12,1,-3,15,14,-2,0,Decrease,Decrease,decr,-1,-1,-1
47107,20,0,0,19,0,0,0,0,-16,0,0,-16,-50,0,0,-50,-5,0,0,-6,26,0,0,26,702,665,654,662,4,5,6,0,0,60,3,5,58,100,0,0,96,24,21,-12,68,91,33,1,1,32,-57,0,-12,1,1,15,16,12,1,-3,15,14,-2,0,Decrease,Decrease,decr,-1,-1,-1
47109,33,0,0,34,0,0,0,0,5,0,0,6,-50,0,0,-49,15,0,0,16,23,0,0,24,702,665,654,662,24,3,4,0,0,107,1,2,102,0,0,0,0,14,12,-14,37,45,21,1,1,18,-33,12,400,1,1,15,16,12,1,-3,15,14,-2,0,Decrease,Decrease,decr,-1,-1,-1
47111,-16,0,0,-20,0,0,0,-4,33,0,0,27,0,0,0,0,37,0,0,31,10,0,0,5,702,665,654,662,32,2,3,0,0,19,2,2,15,0,0,0,-6,12,8,-33,28,14,-50,1,0,-51,20,-100,-100,0,0,15,16,12,1,-3,15,14,-2,0,Decrease,Decrease,decr,-1,-1,-1
47119,0,0,0,-9,200,0,0,172,0,0,0,-9,300,0,0,263,12,0,0,2,1,0,0,-7,702,665,654,662,0,3,3,0,0,-6,2,2,-10,-50,0,0,-55,18,10,-44,30,34,13,0,0,7,0,88,21,1,1,15,16,12,1,-3,15,14,-2,0,Decrease,Decrease,decr,-1,-1,-1
47139,-33,0,0,-33,0,0,0,0,8,0,0,8,0,0,0,0,-33,0,0,-33,60,0,0,59,702,665,654,662,80,6,14,0,0,185,5,17,185,0,0,0,0,10,15,50,35,61,74,2,3,74,-100,60,234,0,0,15,16,12,1,-3,15,14,-2,0,Decrease,Decrease,decr,-1,-1,-1
47141,6,0,0,1,0,0,0,-4,-3,0,0,-7,150,0,0,139,44,0,0,38,7,0,0,2,702,665,654,662,-1,5,6,1,1,12,2,2,6,0,0,0,-6,30,14,-53,61,52,-14,0,0,-19,-20,0,20,1,1,15,16,12,1,-3,15,14,-2,0,Decrease,Decrease,decr,-1,-1,-1
47143,-25,0,0,-25,0,0,0,-1,30,0,0,28,-100,0,0,-100,5,0,0,4,0,0,0,-1,702,665,654,662,26,6,9,3,5,96,14,27,87,0,0,0,-1,22,12,-45,788,1208,53,25,37,46,0,100,371,1,1,15,16,12,1,-3,15,14,-2,0,Decrease,Decrease,decr,-1,-1,-1
47147,-10,0,0,-13,0,0,0,-3,-10,0,0,-13,0,0,0,-3,51,0,0,46,52,0,0,46,702,665,654,662,-10,4,4,0,0,32,2,3,25,0,0,0,-5,27,20,-25,296,144,-51,4,2,-53,800,50,34,1,1,15,16,12,1,-3,15,14,-2,0,Decrease,Decrease,decr,-1,-1,-1
47149,-2,0,0,-15,75,0,0,52,5,0,0,-7,0,0,0,-12,39,0,0,22,1,0,0,-11,702,665,654,662,-2,6,7,0,1,165,0,1,136,33,0,0,15,18,29,61,71,85,19,0,0,6,-25,112,1168,1,1,15,16,12,1,-3,15,14,-2,0,Decrease,Decrease,decr,-1,-1,-1
47165,-16,0,0,-23,0,0,0,-8,-10,0,0,-18,-33,0,0,-39,8,0,0,0,5,0,0,-3,702,665,654,662,-24,4,4,0,0,-30,1,0,-35,100,0,0,80,27,17,-37,110,37,-66,0,0,-69,-66,11,33,1,1,15,16,12,1,-3,15,14,-2,0,Decrease,Decrease,decr,-1,-1,-1
47179,-9,0,0,-11,-25,0,0,-26,1,0,0,0,0,0,0,-2,0,0,0,-3,2,0,0,0,702,665,654,662,16,4,5,2,3,37,9,12,30,25,0,0,21,52,33,-36,853,839,-1,7,6,-7,400,-27,-85,1,1,15,16,12,1,-3,15,14,-2,0,Decrease,Decrease,decr,-1,-1,-1
47187,-15,0,0,-26,33,0,0,14,7,0,0,-7,23,0,0,5,21,0,0,4,15,0,0,0,702,665,654,662,-22,5,5,1,5,160,2,6,128,33,0,0,14,13,21,61,190,183,-3,1,0,-15,-57,-36,38,1,1,15,16,12,1,-3,15,14,-2,0,Decrease,Decrease,decr,-1,-1,-1
47189,5,0,0,-6,0,0,0,-11,28,0,0,13,100,0,0,76,10,0,0,-2,16,0,0,2,702,665,654,662,-15,5,5,1,2,38,2,3,23,100,0,0,73,38,24,-36,171,114,-33,1,0,-40,-71,-58,-25,1,1,15,16,12,1,-3,15,14,-2,0,Decrease,Decrease,decr,-1,-1,-1
48027,24,0,0,14,33,0,0,23,-5,0,0,-12,-20,0,0,-25,14,0,0,6,13,0,0,5,784,728,658,688,8,4,4,0,0,-49,1,0,-55,0,0,0,-8,8,25,212,25,47,88,0,0,67,57,-5,207,1,1,18,17,14,-1,-3,17,15,-3,-2,Decrease,Decrease,decr,-1,-1,-1
48039,3,0,0,-6,42,0,0,28,3,0,0,-6,9,0,0,-1,21,0,0,9,13,0,0,2,784,728,658,688,-1,4,3,0,0,298,0,2,259,100,0,0,78,14,25,78,904,1045,15,3,3,4,-20,64,42,0,1,18,17,14,-1,-3,17,15,-3,-2,Decrease,Decrease,decr,-1,-1,-1
48053,-33,0,0,-37,0,0,0,-5,9,0,0,2,-100,0,0,-100,10,0,0,3,9,0,1,3,784,728,658,688,-11,4,4,3,2,5,9,9,2,0,0,0,0,7,13,85,25,90,260,0,2,247,400,55,158,1,0,18,17,14,-1,-3,17,15,-3,-2,Decrease,Decrease,decr,-1,-1,-1
48059,-50,0,0,-50,0,0,0,0,0,0,0,-1,-50,0,0,-50,10,0,0,7,-40,0,0,-41,784,728,658,688,-4,2,2,0,0,-7,4,3,-7,0,0,0,-3,9,8,-11,11,21,90,0,1,89,-100,33,-23,1,1,18,17,14,-1,-3,17,15,-3,-2,Decrease,Decrease,decr,-1,-1,-1
48077,0,0,0,4,0,0,0,0,20,0,0,24,0,0,0,0,0,0,0,4,-100,0,0,-100,784,728,658,688,-4,2,2,0,0,-41,28,17,-38,0,0,0,0,5,5,0,59,141,138,5,13,151,700,71,40,0,0,18,17,14,-1,-3,17,15,-3,-2,Decrease,Decrease,decr,-1,-1,-1
48089,-16,0,0,-17,0,0,0,0,-8,1,1,-9,0,0,0,-1,6,0,0,5,-17,0,0,-18,784,728,658,688,-2,2,2,0,0,-25,6,4,-25,0,0,0,0,6,4,-33,4,2,-50,0,0,-50,-60,77,283,0,0,18,17,14,-1,-3,17,15,-3,-2,Decrease,Decrease,decr,-1,-1,-1
48097,25,0,0,22,0,0,0,-2,3,0,0,0,-80,0,0,-80,25,0,0,22,3,0,0,1,784,728,658,688,-7,3,3,0,0,-52,9,4,-52,0,0,0,0,9,9,0,81,54,-33,2,1,-34,-50,131,216,0,1,18,17,14,-1,-3,17,15,-3,-2,Decrease,Decrease,decr,-1,-1,-1
48129,0,0,0,8,0,0,0,0,0,1,1,8,0,0,0,0,-33,1,1,-27,-50,1,0,-45,784,728,658,688,200,1,3,0,0,136,6,16,145,0,0,0,0,7,3,-57,333,23,-93,87,6,-92,-60,28,-45,0,0,18,17,14,-1,-3,17,15,-3,-2,Decrease,Decrease,decr,-1,-1,-1
48139,-6,0,0,-15,33,0,0,20,16,0,0,5,-50,0,0,-54,29,0,0,17,25,0,0,13,784,728,658,688,-15,4,3,0,0,42,1,1,29,100,0,0,73,6,8,33,26,71,173,0,0,148,-60,-23,-51,1,0,18,17,14,-1,-3,17,15,-3,-2,Decrease,Decrease,decr,-1,-1,-1
48147,-20,0,0,-19,0,0,0,0,27,0,0,27,0,0,0,0,-13,0,0,-13,23,0,0,23,784,728,658,688,11,3,3,0,0,143,3,9,143,0,0,0,0,4,11,175,21,32,52,0,0,52,200,300,315,1,1,18,17,14,-1,-3,17,15,-3,-2,Decrease,Decrease,decr,-1,-1,-1
48163,-50,0,0,-54,0,0,0,0,-17,0,0,-25,0,0,0,0,-31,0,0,-37,28,0,0,16,784,728,658,688,22,2,3,0,0,-19,4,3,-24,0,0,0,0,36,35,-2,4633,6691,44,276,375,35,-100,67,157,1,1,18,17,14,-1,-3,17,15,-3,-2,Decrease,Decrease,decr,-1,-1,-1
48187,-20,0,0,-29,50,0,0,31,1,0,0,-10,0,0,0,-12,10,0,0,-2,14,0,0,0,784,728,658,688,-38,4,3,1,0,-50,3,1,-57,33,0,0,16,21,19,-9,53,131,147,0,0,108,100,70,45,1,1,18,17,14,-1,-3,17,15,-3,-2,Decrease,Decrease,decr,-1,-1,-1
48203,-36,0,0,-36,0,0,0,0,-23,0,0,-24,0,0,0,0,0,0,0,0,14,0,0,13,784,728,658,688,25,3,4,0,0,6,1,1,1,0,0,0,0,11,26,136,51,147,188,0,2,176,100,157,-19,1,1,18,17,14,-1,-3,17,15,-3,-2,Decrease,Decrease,decr,-1,-1,-1
48209,-23,0,0,-38,33,0,0,6,26,0,0,0,14,0,0,-8,27,0,0,1,27,0,0,2,784,728,658,688,43,6,7,1,1,46,1,1,22,0,0,0,-20,7,17,142,24,29,20,0,0,0,-50,58,-62,1,1,18,17,14,-1,-3,17,15,-3,-2,Decrease,Decrease,decr,-1,-1,-1
48215,3,0,0,-3,70,0,0,58,-7,0,0,-13,8,0,0,1,6,0,0,0,8,0,0,1,784,728,658,688,7,5,6,0,0,-26,4,2,-35,300,0,0,278,93,94,1,23460,30910,31,32,38,16,-75,42,-21,1,1,18,17,14,-1,-3,17,15,-3,-2,Decrease,Decrease,decr,-1,-1,-1
48217,-40,0,0,-39,0,0,0,0,10,0,0,10,-100,0,0,-100,14,0,0,14,-5,0,0,-5,784,728,658,688,-38,3,2,0,0,-25,6,4,-26,0,0,0,0,18,10,-44,49,27,-44,1,0,-45,0,66,-17,1,1,18,17,14,-1,-3,17,15,-3,-2,Decrease,Decrease,decr,-1,-1,-1
48237,-50,0,0,-48,0,0,0,0,0,0,0,3,0,0,0,0,0,0,0,3,-14,0,0,-11,784,728,658,688,63,2,4,1,1,46,29,43,47,0,0,0,0,8,0,-100,71,0,-100,7,0,-100,0,16,-49,0,0,18,17,14,-1,-3,17,15,-3,-2,Decrease,Decrease,decr,-1,-1,-1
48251,-11,0,0,-17,0,0,0,-6,12,0,0,5,500,0,0,460,17,0,0,9,4,0,0,-2,784,728,658,688,-1,4,4,0,0,-10,1,1,-15,100,0,0,80,14,14,0,46,72,56,0,0,48,111,227,4,1,1,18,17,14,-1,-3,17,15,-3,-2,Decrease,Decrease,decr,-1,-1,-1
48281,0,0,0,-3,0,0,0,-3,11,0,0,7,100,0,0,92,0,0,0,-3,-11,0,0,-14,784,728,658,688,30,3,3,0,0,0,4,4,-1,0,0,0,-5,7,6,-14,11,13,18,0,0,15,-100,69,24,0,0,18,17,14,-1,-3,17,15,-3,-2,Decrease,Decrease,decr,-1,-1,-1
48287,-20,0,0,-22,0,0,0,0,12,0,1,9,0,0,0,-2,0,0,0,-2,-37,0,0,-39,784,728,658,688,-12,2,2,0,0,11,12,13,11,0,0,0,0,17,14,-17,55,52,-5,3,3,-6,-33,0,140,1,0,18,17,14,-1,-3,17,15,-3,-2,Decrease,Decrease,decr,-1,-1,-1
48289,0,0,0,-2,0,0,0,0,30,0,0,27,0,0,0,0,8,0,0,6,22,0,0,19,784,728,658,688,-36,3,2,0,0,-61,14,5,-62,0,0,0,0,34,13,-61,111,16,-85,6,0,-85,50,68,87,1,0,18,17,14,-1,-3,17,15,-3,-2,Decrease,Decrease,decr,-1,-1,-1
48325,0,0,0,-5,100,0,0,89,-14,0,0,-18,-25,0,0,-29,-4,0,0,-9,-9,0,0,-14,784,728,658,688,7,3,4,0,0,108,4,8,98,0,0,0,0,20,35,75,3096,1568,-49,69,33,-51,-70,67,79,1,1,18,17,14,-1,-3,17,15,-3,-2,Decrease,Decrease,decr,-1,-1,-1
48339,12,0,0,-4,37,0,0,16,6,0,0,-9,38,0,0,18,20,0,0,2,24,0,0,6,784,728,658,688,-3,4,5,1,1,-36,1,0,-46,0,0,0,-15,23,26,13,29,64,120,0,0,87,0,33,-78,1,1,18,17,14,-1,-3,17,15,-3,-2,Decrease,Decrease,decr,-1,-1,-1
48349,-25,0,0,-25,0,0,0,0,17,0,0,17,100,0,0,98,50,0,0,49,0,0,0,0,784,728,658,688,8,2,2,0,0,-46,4,2,-47,0,0,0,-3,22,18,-18,92,141,53,1,2,50,16,-52,-96,0,0,18,17,14,-1,-3,17,15,-3,-2,Decrease,Decrease,decr,-1,-1,-1
48363,-33,0,0,-33,0,0,0,0,-27,0,0,-27,0,0,0,0,8,0,0,7,0,0,0,0,784,728,658,688,-11,3,3,0,0,-13,2,2,-14,0,0,0,0,9,7,-22,75,38,-49,2,1,-49,-85,197,76,0,1,18,17,14,-1,-3,17,15,-3,-2,Decrease,Decrease,decr,-1,-1,-1
48423,15,0,0,8,0,0,0,-5,30,0,0,22,8,0,0,2,27,0,0,20,13,0,0,7,784,728,658,688,29,4,5,0,0,31,2,2,22,33,0,0,25,73,82,12,336,712,111,1,3,96,-60,254,177,1,1,18,17,14,-1,-3,17,15,-3,-2,Decrease,Decrease,decr,-1,-1,-1
48427,16,0,0,12,0,0,0,-3,-3,0,0,-7,-100,0,0,-100,-10,0,0,-13,31,0,0,26,784,728,658,688,31,2,3,0,0,-56,8,3,-58,0,0,0,0,10,13,30,756,859,13,12,13,9,-70,102,-4,1,1,18,17,14,-1,-3,17,15,-3,-2,Decrease,Decrease,decr,-1,-1,-1
48451,-14,0,0,-18,33,0,0,26,0,0,0,-5,-42,0,0,-45,20,0,0,14,17,0,0,11,784,728,658,688,34,2,3,0,0,-53,1,0,-56,0,0,0,-2,10,7,-30,82,10,-87,0,0,-88,150,60,23,1,0,18,17,14,-1,-3,17,15,-3,-2,Decrease,Decrease,decr,-1,-1,-1
48453,13,0,0,0,14,0,0,0,11,0,0,-2,12,0,0,0,12,0,0,0,11,0,0,-1,784,728,658,688,-35,7,5,1,0,36,0,0,18,-23,0,0,-31,23,23,0,47,216,359,0,0,300,-41,34,26,1,1,18,17,14,-1,-3,17,15,-3,-2,Decrease,Decrease,decr,-1,-1,-1
48459,66,0,0,62,0,0,0,-2,0,0,0,-2,0,0,0,-2,11,0,0,8,6,0,0,3,784,728,658,688,43,2,3,0,0,130,2,6,121,0,0,0,0,17,11,-35,86,52,-39,2,1,-42,-33,40,-94,0,1,18,17,14,-1,-3,17,15,-3,-2,Decrease,Decrease,decr,-1,-1,-1
48463,0,0,0,-1,0,0,0,-1,21,0,0,18,100,0,0,96,26,0,0,23,-19,0,0,-20,784,728,658,688,-33,2,1,0,0,-94,6,0,-94,0,0,0,0,17,12,-29,2632,4457,69,100,166,65,-100,60,-11,1,0,18,17,14,-1,-3,17,15,-3,-2,Decrease,Decrease,decr,-1,-1,-1
48469,0,0,0,-5,50,0,0,42,-4,0,0,-9,-50,0,0,-52,10,0,0,4,3,0,0,-1,784,728,658,688,19,3,3,0,0,15,1,1,10,0,0,0,-2,8,14,75,260,87,-66,3,0,-68,0,280,378,1,1,18,17,14,-1,-3,17,15,-3,-2,Decrease,Decrease,decr,-1,-1,-1
48481,-12,0,0,-13,0,0,0,0,-3,0,0,-3,66,0,0,65,24,0,0,23,4,0,0,3,784,728,658,688,-7,2,2,0,0,-41,7,4,-42,0,0,0,-1,10,8,-20,233,172,-26,5,4,-26,-37,36,386,1,1,18,17,14,-1,-3,17,15,-3,-2,Decrease,Decrease,decr,-1,-1,-1
48489,0,0,0,1,-100,0,0,-100,0,0,0,1,50,0,0,52,0,0,0,1,60,0,0,62,784,728,658,688,-45,3,1,0,0,-77,1,0,-77,0,0,0,0,12,7,-41,544,972,78,25,43,74,-100,40,315,0,1,18,17,14,-1,-3,17,15,-3,-2,Decrease,Decrease,decr,-1,-1,-1
48491,20,0,0,1,33,0,0,11,8,0,0,-9,-6,0,0,-21,20,0,0,0,28,0,0,7,784,728,658,688,10,4,5,0,0,83,0,1,50,50,0,0,24,12,21,75,33,98,196,0,0,143,83,266,3806,1,1,18,17,14,-1,-3,17,15,-3,-2,Decrease,Decrease,decr,-1,-1,-1
48499,25,0,0,20,0,0,0,-3,-8,0,0,-11,200,0,0,188,-30,0,0,-32,0,0,0,-3,784,728,658,688,17,3,5,0,0,2,5,5,0,0,0,0,-6,35,32,-8,636,439,-30,15,10,-32,-50,-10,80,0,1,18,17,14,-1,-3,17,15,-3,-2,Decrease,Decrease,decr,-1,-1,-1
49005,30,0,0,22,0,0,0,-6,47,0,0,38,25,0,0,17,15,0,0,7,20,0,0,12,669,600,506,453,20,8,9,1,0,-64,14,4,-67,0,0,0,-7,22,40,81,746,95,-87,7,0,-88,150,-50,22,0,0,14,13,10,-1,-2,13,12,-3,-2,Decrease,Decrease,decr,-1,-1,-1
49037,50,0,0,45,0,0,0,0,0,0,0,-3,0,0,0,0,50,0,0,45,0,0,0,-3,669,600,506,453,-61,6,2,0,0,85,3,5,74,0,0,0,0,56,47,-16,155,79,-49,11,5,-52,300,66,-29,0,0,14,13,10,-1,-2,13,12,-3,-2,Decrease,Decrease,decr,-1,-1,-1
49047,0,0,0,-8,0,0,0,-8,0,0,0,-8,200,0,0,175,-11,0,0,-18,16,0,0,7,669,600,506,453,59,4,6,0,0,1,6,5,-12,0,0,0,0,19,43,126,53,37,-30,1,1,-39,-36,440,108,1,1,14,13,10,-1,-2,13,12,-3,-2,Decrease,Decrease,decr,-1,-1,-1
49049,-2,0,0,-11,16,0,0,4,16,0,0,4,29,0,0,16,14,0,0,2,15,0,0,3,669,600,506,453,1,17,15,1,2,119,6,11,90,16,0,0,3,111,146,31,388,714,84,0,1,59,5,-30,-16,1,1,14,13,10,-1,-2,13,12,-3,-2,Decrease,Decrease,decr,-1,-1,-1
50001,-18,0,0,-18,0,0,0,0,-14,0,0,-14,100,0,0,100,0,0,0,0,-10,0,0,-10,402,364,671,719,24,18,22,3,2,-14,147,126,-14,25,0,0,24,40,65,62,138,233,68,3,6,68,83,100,269,1,1,12,10,10,-2,0,11,10,-1,-2,Decrease,Decrease,incr,-1,-1,1
50021,-20,0,0,-17,0,0,0,0,0,0,1,3,-16,0,0,-13,2,0,0,5,-8,1,1,-5,402,364,671,719,55,18,29,5,8,22,32,40,26,0,0,0,3,61,59,-3,361,322,-10,5,5,-8,175,91,117,1,1,12,10,10,-2,0,11,10,-1,-2,Decrease,Decrease,incr,-1,-1,1
50027,-14,0,0,-12,0,0,0,0,-21,0,0,-19,-50,0,0,-48,3,0,0,6,-19,1,1,-17,402,364,671,719,10,23,26,7,11,31,34,45,33,22,0,0,23,39,68,74,147,265,80,2,4,82,68,16,-9,1,1,12,10,10,-2,0,11,10,-1,-2,Decrease,Decrease,incr,-1,-1,1
51015,10,0,0,8,0,0,0,0,2,0,0,1,33,0,0,31,-6,0,0,-8,28,0,0,26,721,635,739,738,29,6,8,0,0,-8,14,13,-9,0,0,0,-2,31,47,51,168,167,0,2,2,-1,160,60,-67,1,1,9,12,9,3,-2,10,11,-1,2,Decrease,Increase,decr,-1,1,-1
51121,-31,0,0,-33,0,0,0,-3,-17,0,0,-20,25,0,0,20,16,0,0,11,13,0,0,9,721,635,739,738,42,6,9,0,1,154,1,4,143,33,0,0,30,11,20,81,36,80,122,0,0,112,900,37,1766,0,0,9,12,9,3,-2,10,11,-1,2,Decrease,Increase,decr,-1,1,-1
51143,0,0,0,2,0,0,0,0,-15,0,0,-13,100,0,0,105,-7,0,0,-5,0,0,0,2,721,635,739,738,6,5,5,0,0,101,2,4,101,0,0,0,2,56,50,-10,132,226,71,2,3,70,81,31,-29,1,1,9,12,9,3,-2,10,11,-1,2,Decrease,Increase,decr,-1,1,-1
51147,-50,0,0,-49,0,0,0,0,20,0,1,21,-100,0,0,-100,-12,0,0,-11,-22,0,0,-22,721,635,739,738,320,1,5,0,0,1171,0,3,1122,0,0,0,-1,8,4,-50,9,3,-66,0,0,-67,0,85,-10,1,1,9,12,9,3,-2,10,11,-1,2,Decrease,Increase,decr,-1,1,-1
51185,0,0,0,6,0,0,0,6,-7,0,0,-1,-100,0,0,-100,-6,0,0,0,50,0,0,59,721,635,739,738,123,2,6,0,0,239,0,2,238,33,0,0,43,4,17,325,7,39,457,0,0,456,-100,187,160,0,0,9,12,9,3,-2,10,11,-1,2,Decrease,Increase,decr,-1,1,-1
51191,8,0,0,9,0,0,0,1,-7,0,0,-6,100,0,0,102,-13,0,0,-12,33,0,0,34,721,635,739,738,12,3,4,0,0,74,2,4,71,0,0,0,0,49,64,30,195,99,-49,3,1,-50,-30,50,-42,1,1,9,12,9,3,-2,10,11,-1,2,Decrease,Increase,decr,-1,1,-1
53007,-16,0,0,-19,100,0,0,92,0,0,0,-3,-21,0,0,-24,-3,0,0,-6,21,1,1,17,683,505,713,706,58,8,15,0,0,-4,18,17,-8,33,0,0,27,14,34,142,22,33,50,0,0,42,-23,77,105,1,1,15,13,10,-1,-2,14,12,-3,-3,Decrease,Decrease,decr,-1,-1,-1
53011,1,0,0,-5,23,0,0,14,11,0,0,3,6,0,0,-1,4,0,0,-3,17,0,0,8,683,505,713,706,0,19,21,3,4,31,3,4,23,0,0,0,-8,102,162,58,222,321,44,0,0,35,95,554,200,1,1,15,13,10,-1,-2,14,12,-3,-3,Decrease,Decrease,decr,-1,-1,-1
53025,22,0,0,18,0,0,0,-3,-4,0,0,-7,-33,0,0,-35,-1,0,0,-5,16,0,0,11,683,505,713,706,-7,6,7,0,0,174,9,23,147,0,0,0,-5,85,72,-15,14723,16433,11,178,179,0,-94,11,81,1,1,15,13,10,-1,-2,14,12,-3,-3,Decrease,Decrease,decr,-1,-1,-1
53033,5,0,0,-3,25,0,0,14,-1,0,0,-10,-6,0,0,-14,5,0,0,-3,13,1,1,3,683,505,713,706,8,19,20,2,2,-20,1,1,-26,5,0,0,-3,167,238,42,948,1005,6,0,0,-2,48,142,41,1,1,15,13,10,-1,-2,14,12,-3,-3,Decrease,Decrease,decr,-1,-1,-1
53037,-8,0,0,-15,0,0,0,-7,-37,0,0,-41,60,0,0,47,-6,1,1,-13,10,1,1,2,683,505,713,706,20,8,10,1,0,-13,18,15,-18,100,0,0,76,29,36,24,447,271,-39,11,6,-42,-42,85,-2,1,1,15,13,10,-1,-2,14,12,-3,-3,Decrease,Decrease,decr,-1,-1,-1
53053,12,0,0,4,11,0,0,3,0,0,0,-6,-7,0,0,-13,5,0,0,-1,10,0,0,3,683,505,713,706,3,19,19,2,2,-11,2,2,-16,26,0,0,16,82,164,100,1462,1320,-9,1,1,-14,12,180,282,1,1,15,13,10,-1,-2,14,12,-3,-3,Decrease,Decrease,decr,-1,-1,-1
53067,10,0,0,3,0,0,0,-6,-17,0,0,-22,20,0,0,13,0,0,0,-5,9,0,0,2,683,505,713,706,9,16,17,1,2,112,6,13,95,0,0,0,-8,61,111,81,386,218,-43,1,0,-48,0,157,348,1,1,15,13,10,-1,-2,14,12,-3,-3,Decrease,Decrease,decr,-1,-1,-1
53073,20,0,0,13,0,0,0,-5,7,0,0,1,0,0,0,-5,-4,0,0,-10,7,0,0,1,683,505,713,706,10,18,17,1,0,-35,20,12,-39,-25,0,0,-31,81,100,23,2058,3134,52,10,15,43,-9,85,401,1,1,15,13,10,-1,-2,14,12,-3,-3,Decrease,Decrease,decr,-1,-1,-1
53077,18,0,0,17,-11,0,0,-12,-1,0,0,-2,-5,0,0,-6,-11,0,0,-12,6,0,0,5,683,505,713,706,-3,10,11,0,0,38,12,16,30,50,0,0,47,119,188,57,5904,6424,8,25,26,2,-33,8,204,1,1,15,13,10,-1,-2,14,12,-3,-3,Decrease,Decrease,decr,-1,-1,-1
54025,0,0,0,0,0,0,0,0,-3,0,0,-2,100,0,0,101,-3,0,0,-2,-9,0,0,-9,552,595,434,503,11,8,9,0,0,186,4,12,182,25,0,0,28,28,35,25,107,79,-26,3,2,-27,-50,66,2900,1,1,14,11,10,-2,-1,12,10,-2,-3,Decrease,Decrease,decr,-1,-1,-1
54027,-40,0,0,-38,0,0,0,0,0,0,0,1,0,0,0,0,-22,0,0,-20,33,0,0,35,552,595,434,503,14,9,9,1,4,337,17,74,334,0,0,0,0,16,35,118,51,163,219,2,6,217,80,42,-71,1,1,14,11,10,-2,-1,12,10,-2,-3,Decrease,Decrease,decr,-1,-1,-1
54037,-25,0,0,-27,0,0,0,-2,4,0,0,1,0,0,0,0,-6,0,0,-9,-10,0,0,-12,552,595,434,503,2,13,15,3,2,29,13,16,21,-16,0,0,-19,31,27,-12,120,183,52,2,3,43,-16,12,-2,1,0,14,11,10,-2,-1,12,10,-2,-3,Decrease,Decrease,decr,-1,-1,-1
54063,50,0,0,50,0,0,0,0,0,0,0,0,0,0,0,0,-100,0,0,-100,12,0,0,13,552,595,434,503,4,6,6,1,0,-39,21,12,-39,0,0,0,1,14,27,92,93,78,-16,6,5,-16,0,100,20,1,1,14,11,10,-2,-1,12,10,-2,-3,Decrease,Decrease,decr,-1,-1,-1
54077,-20,0,0,-20,0,0,0,0,18,0,0,18,0,0,0,0,-16,0,0,-16,100,0,0,99,552,595,434,503,8,10,10,3,3,50,13,19,44,0,0,0,0,46,41,-10,213,176,-17,6,5,-20,-38,16,533,0,1,14,11,10,-2,-1,12,10,-2,-3,Decrease,Decrease,decr,-1,-1,-1
55007,16,0,0,17,0,0,0,0,-8,0,0,-7,50,0,0,51,-25,0,0,-24,18,2,2,19,510,495,558,589,15,19,23,5,6,-1,60,60,0,25,0,0,25,22,25,13,33,35,6,2,2,7,366,150,116,1,1,11,15,14,4,0,13,15,1,3,Increase,Increase,decr,1,1,-1
55019,14,0,0,14,0,0,0,0,31,0,0,31,0,0,0,0,33,0,0,33,-17,0,0,-17,510,495,558,589,13,8,9,0,0,68,10,18,68,0,0,0,0,53,66,24,164,233,42,4,6,41,-50,100,140,1,1,11,15,14,4,0,13,15,1,3,Increase,Increase,decr,1,1,-1
55021,28,0,0,28,0,0,0,0,-14,0,0,-14,-28,0,0,-28,-17,0,0,-17,-4,1,1,-4,510,495,558,589,-5,10,10,0,0,20,17,20,19,-11,0,0,-12,62,68,9,652,347,-46,11,6,-47,166,-12,-67,1,1,11,15,14,4,0,13,15,1,3,Increase,Increase,decr,1,1,-1
55025,3,0,0,-2,25,0,0,16,4,0,0,-2,23,0,0,15,10,0,0,3,13,0,0,6,510,495,558,589,4,7,9,0,0,9,5,5,2,14,0,0,7,157,124,-21,808,574,-28,1,1,-33,-6,105,85,1,1,11,15,14,4,0,13,15,1,3,Increase,Increase,decr,1,1,-1
55039,-13,0,0,-13,0,0,0,0,-10,0,0,-10,-30,0,0,-30,-8,0,0,-9,-3,0,0,-4,510,495,558,589,-14,5,5,0,0,-45,8,4,-45,0,0,0,-1,34,23,-32,196,185,-5,1,1,-6,-73,150,508,1,1,11,15,14,4,0,13,15,1,3,Increase,Increase,decr,1,1,-1
55043,16,0,0,14,0,0,0,-1,0,0,0,-1,25,0,0,23,9,0,0,7,5,0,0,3,510,495,558,589,-25,4,3,0,0,5,6,6,4,25,0,0,23,26,28,7,66,111,68,1,2,66,28,54,23,0,1,11,15,14,4,0,13,15,1,3,Increase,Increase,decr,1,1,-1
55061,-20,0,0,-19,0,0,0,0,22,0,0,23,-20,0,0,-19,40,0,0,41,-20,1,1,-20,510,495,558,589,-24,8,8,0,0,1,22,22,2,100,0,0,99,9,9,0,31,58,87,1,2,87,33,20,1569,1,1,11,15,14,4,0,13,15,1,3,Increase,Increase,decr,1,1,-1
55065,0,0,0,0,0,0,0,0,-36,0,0,-36,300,0,0,302,75,0,0,75,21,0,1,22,510,495,558,589,-4,3,3,0,0,14,8,10,13,0,0,0,0,14,11,-21,29,24,-17,1,1,-18,-75,-37,-84,1,1,11,15,14,4,0,13,15,1,3,Increase,Increase,decr,1,1,-1
55067,0,0,0,3,0,0,0,3,6,0,0,10,0,0,0,3,0,0,0,3,-17,1,1,-14,510,495,558,589,-17,8,8,0,0,83,16,31,89,0,0,0,0,40,28,-30,9974,5665,-43,489,287,-41,100,-14,120,1,1,11,15,14,4,0,13,15,1,3,Increase,Increase,decr,1,1,-1
55089,-14,0,0,-15,200,0,0,195,-3,0,0,-5,-23,0,0,-24,0,0,0,-1,0,0,0,-1,510,495,558,589,7,10,13,2,2,12,16,17,10,0,0,0,-2,29,37,27,627,389,-37,7,4,-39,0,-25,-1,1,1,11,15,14,4,0,13,15,1,3,Increase,Increase,decr,1,1,-1
55095,0,0,0,1,0,0,0,1,4,0,0,5,100,0,0,103,-10,0,0,-9,-9,0,0,-8,510,495,558,589,-13,12,12,0,0,25,16,20,27,-28,0,0,-29,37,31,-16,90,107,18,2,2,20,11,-5,-83,1,1,11,15,14,4,0,13,15,1,3,Increase,Increase,decr,1,1,-1
55097,-11,0,0,-11,0,0,0,0,28,0,0,28,-16,0,0,-16,7,0,0,7,-2,1,0,-2,510,495,558,589,3,10,11,0,0,-20,11,9,-22,0,0,0,0,51,31,-39,11785,15080,27,170,213,25,133,90,19,1,1,11,15,14,4,0,13,15,1,3,Increase,Increase,decr,1,1,-1
55105,-8,0,0,-8,0,0,0,0,10,0,0,9,0,0,0,0,21,0,0,19,-4,0,0,-4,510,495,558,589,-10,10,9,0,0,25,8,10,25,14,0,0,12,60,44,-26,541,441,-18,3,2,-18,11,-27,-91,1,1,11,15,14,4,0,13,15,1,3,Increase,Increase,decr,1,1,-1
55109,-9,0,0,-12,0,0,0,-3,20,0,0,16,0,0,0,-3,20,0,0,16,7,0,0,3,510,495,558,589,-10,7,8,0,0,-17,9,7,-20,25,0,0,19,28,24,-14,192,89,-53,2,1,-55,133,-42,-31,1,1,11,15,14,4,0,13,15,1,3,Increase,Increase,decr,1,1,-1
55111,0,0,0,-2,0,0,0,-2,33,0,0,30,7,0,0,5,38,0,0,35,2,1,1,0,510,495,558,589,-11,7,7,0,0,34,12,15,29,0,0,0,-2,33,34,3,208,249,19,3,3,15,6,87,1690,1,1,11,15,14,4,0,13,15,1,3,Increase,Increase,decr,1,1,-1
55117,-14,0,0,-14,0,0,0,0,6,0,0,6,-10,0,0,-9,1,0,0,1,5,0,0,5,510,495,558,589,-2,9,10,0,0,-16,6,5,-16,0,0,0,0,50,31,-38,332,245,-26,2,2,-26,-33,-38,-77,1,1,11,15,14,4,0,13,15,1,3,Increase,Increase,decr,1,1,-1
55121,0,0,0,-2,0,0,0,0,-5,0,0,-7,0,0,0,-2,-12,0,0,-14,9,0,0,7,510,495,558,589,-15,5,5,0,0,37,15,20,32,0,0,0,0,27,15,-44,208,119,-42,7,4,-44,-61,27,-58,1,1,11,15,14,4,0,13,15,1,3,Increase,Increase,decr,1,1,-1
55127,11,0,0,11,50,0,0,49,0,0,0,0,14,0,0,14,0,0,0,0,4,1,1,4,510,495,558,589,24,8,12,0,0,40,8,11,38,0,0,0,0,30,38,26,573,629,9,5,6,8,66,33,1302,1,1,11,15,14,4,0,13,15,1,3,Increase,Increase,decr,1,1,-1
55139,33,0,0,31,0,0,0,-1,14,0,0,13,46,0,0,44,-3,0,0,-5,7,0,0,5,510,495,558,589,16,4,5,0,0,-33,1,1,-34,33,0,0,31,23,14,-39,139,36,-74,0,0,-74,-33,33,138,1,1,11,15,14,4,0,13,15,1,3,Increase,Increase,decr,1,1,-1
56029,-33,0,0,-35,0,0,0,-2,-40,0,0,-42,33,0,0,29,-28,0,0,-30,0,1,1,-2,656,598,715,706,26,5,6,0,0,-57,19,7,-60,300,0,0,296,4,5,25,8,6,-25,0,0,-29,50,16,55,0,0,12,14,13,1,0,13,13,0,0,Decrease,Increase,decr,-1,1,-1
